Status,Source Page,Source Row,Association,Challenge Name,Start Date,End Date,Golfers,Ranked Golfers,Scores Posted,Metric Source
Completed,1,1,Carolinas Golf Association,Test Haracz Test Club Challenge,2025-10-02,2025-10-10,2,0,0,full-page OCR | prior-value confirmation | visual zero
Completed,1,2,Florida State Golf Association,Duran Golf Club Challenge,2025-03-14,2025-05-14,134,75,768,full-page OCR | full-page OCR | full-page OCR
Completed,1,3,Florida State Golf Association,Plantation Palms Golf Club Challenge,2025-03-14,2025-05-14,60,27,229,full-page OCR | full-page OCR | full-page OCR
Completed,1,4,Southern California Golf Association,Goose Creek Golf Club Challenge,2025-10-06,2025-10-31,14,0,2,full-page OCR | prior-value confirmation | full-page OCR
Completed,1,5,Alabama Golf Association,Highland Park Golf Course Challenge,2025-10-01,2025-10-31,25,4,43,full-page OCR | full-page OCR | full-page OCR
Completed,1,6,Rochester District Golf Association,RDGA October Cragie Brae Challenge,2025-10-01,2025-10-31,8,5,20,full-page OCR | full-page OCR | full-page OCR
Completed,1,7,Texas Golf Association,Champion Lakes Golf Course Challenge,2025-11-01,2025-11-30,54,24,162,full-page OCR | full-page OCR | full-page OCR
Completed,1,8,Rochester District Golf Association,RDGA October Durand Eastman Challenge,2025-10-01,2025-10-31,5,0,3,full-page OCR | prior-value confirmation | full-page OCR
Completed,1,9,Florida State Golf Association,Spessard Holland Golf Course Challenge,2025-03-14,2025-05-14,20,8,66,full-page OCR | full-page OCR | full-page OCR
Completed,1,10,Florida State Golf Association,Habitat Golf Club Challenge,2025-03-14,2025-05-14,62,33,348,full-page OCR | full-page OCR | full-page OCR
Completed,1,11,Nevada Golf,Las Vegas National Challenge,2025-03-14,2025-05-14,128,37,324,full-page OCR | full-page OCR | full-page OCR
Completed,1,12,Nevada Golf,Boulder City Muni Challenge,2025-03-14,2025-05-14,99,60,503,full-page OCR | full-page OCR | full-page OCR
Completed,1,13,Northern California Golf Association,Haggin Oaks - MacKenzie Challenge,2025-03-14,2025-05-14,185,61,448,full-page OCR | full-page OCR | full-page OCR
Completed,1,14,Northern California Golf Association,Black Horse Challenge,2025-03-14,2025-05-14,98,28,198,full-page OCR | full-page OCR | full-page OCR
Completed,1,15,Northern California Golf Association,The Course at Wente Vineyards Challenge,2025-03-14,2025-05-14,130,48,569,full-page OCR | full-page OCR | full-page OCR
Completed,1,16,Louisiana Golf Association,Querbes Park GC Challenge,2025-03-14,2025-05-14,66,45,380,full-page OCR | full-page OCR | full-page OCR
Completed,1,17,Alabama Golf Association,Gulf Shores Golf Club Challenge,2025-12-02,2025-12-31,15,8,56,full-page OCR | full-page OCR | full-page OCR
Completed,1,18,Alabama Golf Association,Highland Park Golf Course Challenge,2025-12-02,2025-12-31,15,3,19,full-page OCR | full-page OCR | full-page OCR
Completed,1,19,Alabama Golf Association,Timberline Golf Club Challenge,2025-12-02,2025-12-31,23,13,73,full-page OCR | full-page OCR | full-page OCR
Completed,1,20,Virginia State Golf Association,Heron Ridge Golf Club Challenge,2025-10-24,2025-11-14,34,13,88,full-page OCR | full-page OCR | full-page OCR
Completed,1,21,Louisiana Golf Association,Timberlane G&RC GHIN Challenge,2025-10-09,2025-10-31,4,4,18,full-page OCR | full-page OCR | full-page OCR
Completed,1,22,Florida State Golf Association,Marcus Pointe Golf Club Challenge,2026-05-15,2026-06-14,58,26,197,full-page OCR | full-page OCR | full-page OCR
Active,1,23,Idaho Golf Association,American Falls Golf Course Challenge,2026-07-01,2026-08-31,17,10,57,full-page OCR | full-page OCR | full-page OCR
Completed,1,24,Louisiana Golf Association,Links on the Bayou Challenge,2025-03-14,2025-05-14,17,6,55,full-page OCR | row OCR | full-page OCR
Completed,1,25,Utah Golf Association,Southgate GC Challenge,2025-03-14,2025-05-14,52,15,110,full-page OCR | full-page OCR | full-page OCR
Completed,2,1,Utah Golf Association,St George GC Challenge,2025-03-14,2025-05-14,34,6,70,full-page OCR | full-page OCR | full-page OCR
Completed,2,2,Arizona Golf Association,Papago Golf Course Challenge,2025-03-14,2025-05-14,116,32,229,full-page OCR | full-page OCR | full-page OCR
Completed,2,3,Arizona Golf Association,Dobson Ranch Golf Course Challenge,2025-03-14,2025-05-14,113,35,275,full-page OCR | full-page OCR | full-page OCR
Completed,2,4,Arizona Golf Association,Randolph North Challenge,2025-03-14,2025-05-14,87,35,220,full-page OCR | full-page OCR | full-page OCR
Completed,2,5,Southern California Golf Association,Vista Valencia GC (Vista) Challenge,2025-03-14,2025-05-14,98,50,404,full-page OCR | full-page OCR | full-page OCR
Completed,2,6,Southern California Golf Association,Twin Oaks Golf Course Challenge,2025-03-14,2025-05-14,144,32,269,full-page OCR | full-page OCR | full-page OCR
Completed,2,7,Southern California Golf Association,Los Verdes Golf Course Challenge,2025-03-14,2025-05-14,191,101,741,full-page OCR | full-page OCR | full-page OCR
Completed,2,8,Alabama Golf Association,Valley Course Challenge,2025-12-02,2025-12-31,19,4,29,full-page OCR | full-page OCR | full-page OCR
Completed,2,9,GAP,GAP Challenge - Win Prizes at Allentown M...,2025-10-14,2025-11-14,50,14,106,full-page OCR | full-page OCR | full-page OCR
Completed,2,10,Alabama Golf Association,Azalea City Golf Course Challenge,2025-12-02,2025-12-31,12,4,25,full-page OCR | full-page OCR | full-page OCR
Completed,2,11,Nebraska Golf Association,NebGolf Fall Challenge - Wayne CC,2025-10-01,2025-10-31,11,6,26,full-page OCR | full-page OCR | full-page OCR
Completed,2,12,Texas Golf Association,"Arlington Golf Assoc, Tierra Verde Golf Clu...",2026-02-01,2026-02-28,26,5,48,full-page OCR | full-page OCR | full-page OCR
Active,2,13,Carolinas Golf Association,Awesome Trail Test Club Challenge,2026-08-01,2026-08-31,0,0,0,row OCR | visual review | row OCR
Completed,2,14,Tennessee Golf Association,GreyStone Golf Club Challenge - October,2025-10-19,2025-10-31,14,1,19,full-page OCR | full-page OCR | full-page OCR
Completed,2,15,Rochester District Golf Association,RDGA October Lima Charleston Pines Chall...,2025-10-01,2025-10-31,11,2,20,full-page OCR | full-page OCR | full-page OCR
Upcoming,2,16,Carolinas Golf Association,Cutter Creek Challenge,2026-09-01,2026-10-15,8,0,0,full-page OCR | visual zero | visual zero
Completed,2,17,Greater Cincinnati Golf Association,Tri County Golf Ranch Challenge,2026-05-01,2026-07-31,0,0,0,visual zero | visual review | visual zero
Completed,2,18,Ohio Golf Association,July Safari GC Challenge,2026-07-01,2026-07-31,27,3,33,full-page OCR | full-page OCR | full-page OCR
Completed,2,19,Golf Association of Michigan,WASHTENAW GOLF CLUB Challenge,2025-10-01,2025-10-31,32,16,124,full-page OCR | full-page OCR | full-page OCR
Completed,2,20,Southern California Golf Association,Los Verdes Golf Course Challenge,2025-10-06,2025-10-31,88,25,150,full-page OCR | full-page OCR | full-page OCR
Completed,2,21,Indiana Golf Association,The Warren Golf Course at Notre Dame Ch...,2025-10-06,2025-10-31,20,5,38,full-page OCR | full-page OCR | full-page OCR
Completed,2,22,Alabama Golf Association,Highlands Challenge,2025-12-02,2025-12-31,17,6,32,full-page OCR | full-page OCR | full-page OCR
Completed,2,23,Golf Association of Michigan,MICHAYWE PINES GOLF COURSE Challenge,2025-10-01,2025-10-31,5,0,4,full-page OCR | prior-value confirmation | full-page OCR
Completed,2,24,Louisiana Golf Association,Chennault Park GC GHIN Course Challenge,2025-10-09,2025-10-31,5,0,4,full-page OCR | prior-value confirmation | full-page OCR
Completed,2,25,Rochester District Golf Association,RDGA October Silver Lake Challenge,2025-10-01,2025-10-31,5,0,5,full-page OCR | prior-value confirmation | full-page OCR
Completed,3,1,Minnesota Golf Association,Baker National Golf Course Challenge,2025-10-20,2025-10-31,22,4,36,full-page OCR | full-page OCR | full-page OCR
Completed,3,2,GAP,Gap Challenge - Win Prizes at The Rookery,2025-10-14,2025-11-14,47,19,147,full-page OCR | full-page OCR | full-page OCR
Completed,3,3,Rochester District Golf Association,RDGA October Centerpointe Challenge,2025-10-01,2025-10-31,8,4,24,full-page OCR | full-page OCR | full-page OCR
Completed,3,4,South Dakota Golf Association,Bakker Crossing Golf Course Challenge,2025-10-19,2025-10-31,18,3,28,full-page OCR | full-page OCR | full-page OCR
Completed,3,5,Florida State Golf Association,Heritage Isles Golf & Country Club Challenge,2025-11-15,2025-12-14,47,25,143,full-page OCR | full-page OCR | full-page OCR
Completed,3,6,Rochester District Golf Association,RDGA October Livingston Challenge,2025-10-01,2025-10-31,14,5,49,full-page OCR | full-page OCR | full-page OCR
Completed,3,7,South Dakota Golf Association,The Bluffs Challenge,2025-10-19,2025-10-31,5,1,6,full-page OCR | full-page OCR | full-page OCR
Completed,3,8,Nebraska Golf Association,NebGolf Fall Challenge - Jackrabbit Run GC,2025-10-01,2025-10-31,7,3,18,full-page OCR | full-page OCR | full-page OCR
Completed,3,9,Tennessee Golf Association,Ted Rhodes Golf Course Challenge - October,2025-10-19,2025-10-31,12,1,16,full-page OCR | full-page OCR | full-page OCR
Completed,3,10,Mass Golf,GREEN HILL GOLF COURSE Challenge,2025-10-15,2025-11-14,24,10,78,full-page OCR | full-page OCR | full-page OCR
Completed,3,11,Alabama Golf Association,Pine Hill Country Club Challenge,2026-01-06,2026-02-28,5,1,7,full-page OCR | full-page OCR | full-page OCR
Completed,3,12,Alabama Golf Association,Colonial Golf Club Challenge,2026-01-06,2026-02-28,29,13,135,full-page OCR | full-page OCR | full-page OCR
Completed,3,13,Montana State Golf Association,2026 GHIN Challenge @ Bill Roberts Golf...,2026-05-01,2026-05-31,109,64,439,full-page OCR | full-page OCR | full-page OCR
Active,3,14,Montana State Golf Association,2026 GHIN Challenge @ Red Lodge Mount..,2026-08-01,2026-08-31,7,2,14,full-page OCR | full-page OCR | full-page OCR
Completed,3,15,Iowa Golf Association,The Fall GHIN-Off at The Ridge,2025-10-08,2025-10-31,39,20,193,full-page OCR | full-page OCR | full-page OCR
Completed,3,16,Texas Golf Association,Tempest Golf Club Challenge,2025-11-01,2025-11-30,33,15,95,full-page OCR | full-page OCR | full-page OCR
Completed,3,17,Alabama Golf Association,Ross Bridge Golf Course Challenge,2025-10-01,2025-10-31,43,1,43,full-page OCR | full-page OCR | full-page OCR
Completed,3,18,Tennessee Golf Association,Henry Horton Golf Challenge- October,2025-10-19,2025-10-31,3,0,2,full-page OCR | prior-value confirmation | full-page OCR
Completed,3,19,Texas Golf Association,Sherrill Park Course #1 Challenge,2025-11-01,2025-11-30,89,17,143,full-page OCR | full-page OCR | full-page OCR
Completed,3,20,Virginia State Golf Association,Stonewall Golf Club Challenge,2025-10-24,2025-11-14,14,0,12,full-page OCR | prior-value confirmation | full-page OCR
Completed,3,21,New Jersey Golf,Francis Byrne Golf Course Challenge,2025-10-18,2025-11-14,87,19,161,full-page OCR | full-page OCR | full-page OCR
Active,3,22,Montana State Golf Association,2026 GHIN Challenge @ Glacier View Golf...,2026-08-01,2026-08-31,1,0,0,full-page OCR | visual review | visual zero
Completed,3,23,Florida State Golf Association,Lansbrook Golf Club Challenge,2025-11-15,2025-12-14,32,11,70,full-page OCR | full-page OCR | full-page OCR
Completed,3,24,Southern California Golf Association,Santa Barbara Golf Club Challenge,2025-10-06,2025-10-31,53,20,113,full-page OCR | full-page OCR | full-page OCR
Completed,3,25,Virginia State Golf Association,Blue Hills Golf Club Challenge,2025-10-24,2025-11-14,17,6,36,full-page OCR | full-page OCR | full-page OCR
Completed,4,1,Alabama Golf Association,Ol Colony Golf Complex Challenge,2025-12-02,2025-12-31,11,3,21,full-page OCR | full-page OCR | full-page OCR
Completed,4,2,Golf Association of Michigan,LINCOLN HILLS GOLF CLUB Challenge,2025-10-01,2025-10-31,29,13,87,full-page OCR | full-page OCR | full-page OCR
Completed,4,3,Montana State Golf Association,MSGA Challenge - Beaverhead GC,2025-10-06,2025-10-31,2,1,3,full-page OCR | prior-value confirmation | full-page OCR
Completed,4,4,Alabama Golf Association,Falls Challenge,2025-12-02,2025-12-31,21,1,26,full-page OCR | full-page OCR | full-page OCR
Completed,4,5,Texas Golf Association,Jersey Meadow Golf Course Challenge,2025-11-01,2025-11-30,53,13,99,full-page OCR | full-page OCR | full-page OCR
Completed,4,6,Oklahoma Golf Association,Kickingbird Golf Club Challenge,2025-10-15,2025-11-30,55,18,129,full-page OCR | full-page OCR | full-page OCR
Completed,4,7,Alabama Golf Association,Cumberland Lake Golf Course Challenge,2026-01-06,2026-02-28,7,4,43,full-page OCR | full-page OCR | full-page OCR
Completed,4,8,Southern California Golf Association,SCGA Summer Challenge '26,2026-06-01,2026-08-14,95,22,279,full-page OCR | full-page OCR | full-page OCR
Completed,4,9,Nebraska Golf Association,NebGolf Fall Challenge - Sky View GC,2025-10-01,2025-10-31,11,6,53,full-page OCR | prior-value confirmation | full-page OCR
Completed,4,10,New Jersey Golf,Howell Park Golf Course Challenge,2025-10-18,2025-11-14,48,4,66,full-page OCR | full-page OCR | full-page OCR
Completed,4,11,Minnesota Golf Association,Valleywood Golf Course Challenge,2025-10-20,2025-10-31,4,0,3,full-page OCR | row OCR | full-page OCR
Completed,4,12,Florida State Golf Association,Clearwater Country Club Challenge,2025-11-15,2025-12-14,33,18,167,full-page OCR | full-page OCR | full-page OCR
Completed,4,13,Rochester District Golf Association,RDGA October Terry Hills East North (1-18...,2025-10-01,2025-10-31,10,0,10,full-page OCR | row OCR | full-page OCR
Completed,4,14,Rochester District Golf Association,RDGA October Lima Island Oaks Challenge,2025-10-01,2025-10-31,5,2,10,full-page OCR | prior-value confirmation | full-page OCR
Completed,4,15,New Jersey Golf,Quail Brook Golf Course Challenge,2025-10-18,2025-11-14,38,6,50,full-page OCR | prior-value confirmation | full-page OCR
Completed,4,16,Rochester District Golf Association,RDGA October Sycamore Challenge,2025-10-01,2025-10-31,30,10,62,full-page OCR | full-page OCR | full-page OCR
Completed,4,17,Rochester District Golf Association,RDGA October Salmon Creek Challenge,2025-10-01,2025-10-31,9,4,21,full-page OCR | row OCR | full-page OCR
Completed,4,18,Rochester District Golf Association,RDGA October Old Hickory Challenge,2025-10-01,2025-10-31,6,3,20,full-page OCR | full-page OCR | full-page OCR
Completed,4,19,Tennessee Golf Association,Towhee Club Challenge - October,2025-10-19,2025-10-31,12,1,14,full-page OCR | full-page OCR | full-page OCR
Completed,4,20,Alabama Golf Association,The Pines of Chatom Challenge,2026-01-06,2026-02-28,9,6,31,full-page OCR | full-page OCR | full-page OCR
Completed,4,21,Golf Association of Michigan,NORTHVILLE HILLS GC Challenge,2025-10-01,2025-10-31,53,8,85,full-page OCR | row OCR | full-page OCR
Completed,4,22,Iowa Golf Association,The Fall GHIN-Off at Waveland,2025-10-08,2025-10-31,32,10,64,full-page OCR | full-page OCR | full-page OCR
Active,4,23,Idaho Golf Association,Jackpot Golf Course Challenge,2026-07-01,2026-08-31,19,9,94,full-page OCR | prior-value confirmation | full-page OCR
Completed,4,24,Greater Cincinnati Golf Association,Blue/Red Challenge,2026-05-01,2026-07-31,5,1,7,full-page OCR | prior-value confirmation | full-page OCR
Completed,4,25,Alabama Golf Association,Twin Pines Challenge,2026-03-03,2026-05-31,1,0,2,full-page OCR | row OCR | full-page OCR
Completed,5,1,Alabama Golf Association,Goose Pond Colony Challenge,2025-12-02,2025-12-31,5,2,12,full-page OCR | full-page OCR | full-page OCR
Completed,5,2,Rochester District Golf Association,RDGA October Deerfield North/South (1-1...,2025-10-01,2025-10-31,43,19,105,full-page OCR | full-page OCR | full-page OCR
Completed,5,3,Rochester District Golf Association,RDGA October Victor Hills North Challenge,2025-10-01,2025-10-31,11,8,55,full-page OCR | full-page OCR | full-page OCR
Completed,5,4,Texas Golf Association,"Clay/Kizer Golf Club, Roy Kizer Challenge",2025-11-01,2025-11-30,94,15,136,full-page OCR | full-page OCR | full-page OCR
Completed,5,5,Rochester District Golf Association,RDGA October Twin Hills Challenge,2025-10-01,2025-10-31,10,0,11,full-page OCR | prior-value confirmation | full-page OCR
Completed,5,6,Rochester District Golf Association,RDGA October Wayne Hills Challenge,2025-10-01,2025-10-31,37,15,106,full-page OCR | full-page OCR | full-page OCR
Completed,5,7,Rochester District Golf Association,RDGA October LeRoy Challenge,2025-10-01,2025-10-31,7,0,9,full-page OCR | visual review | full-page OCR
Completed,5,8,Rochester District Golf Association,RDGA October Hickory Ridge Challenge,2025-10-01,2025-10-31,2,1,5,full-page OCR | full-page OCR | full-page OCR
Completed,5,9,Rochester District Golf Association,RDGA October Conesus Challenge,2025-10-01,2025-10-31,6,1,9,full-page OCR | full-page OCR | full-page OCR
Completed,5,10,Connecticut State Golf Association,Rockledge GC 2025 Season End Challenge,2025-10-01,2025-11-14,69,19,172,full-page OCR | full-page OCR | full-page OCR
Upcoming,5,11,Virginia State Golf Association,Raspberry Falls Golf & Hunt Club Challenge,2026-09-01,2026-09-30,0,0,0,visual zero | visual review | visual zero
Completed,5,12,Iowa Golf Association,The Fall GHIN-Off at Prairie Links,2025-10-08,2025-10-31,22,9,65,full-page OCR | full-page OCR | full-page OCR
Active,5,13,Iowa Golf Association,2026 IGA GHIN Throwdown - Brooks,2026-08-15,2026-09-15,0,0,0,row OCR | visual review | visual zero
Completed,5,14,New Jersey Golf,Hominy Hill Golf Course Challenge,2025-10-18,2025-11-14,101,21,163,full-page OCR | full-page OCR | full-page OCR
Completed,5,15,Idaho Golf Association,Gooding Country Club Challenge,2026-06-01,2026-06-30,6,3,25,full-page OCR | full-page OCR | full-page OCR
Completed,5,16,Rochester District Golf Association,RDGA October Mill Creek Challenge,2025-10-01,2025-10-31,21,7,45,full-page OCR | full-page OCR | full-page OCR
Completed,5,17,Alabama Golf Association,Woodward Golf & Country Club Challenge,2026-01-06,2026-02-28,18,9,77,full-page OCR | full-page OCR | full-page OCR
Upcoming,5,18,Carolinas Golf Association,Arcadian Shores Challenge,2026-09-01,2026-10-15,0,0,0,row OCR | visual zero | visual zero
Upcoming,5,19,Virginia State Golf Association,Lake Monticello Golf Course Challenge,2026-09-01,2026-09-30,1,0,0,full-page OCR | visual review | visual zero
Active,5,20,Texas Golf Association,Sonora Golf Club 2026 Summer Challenge,2026-06-03,2026-08-31,14,9,52,full-page OCR | full-page OCR | full-page OCR
Completed,5,21,Montana State Golf Association,2026 GHIN Challenge @ Spanish Peaks Mo...,2026-07-01,2026-07-31,3,0,4,full-page OCR | visual review | full-page OCR
Completed,5,22,GAP,GAP Challenge - Win Prizes at Overlook,2025-10-17,2025-11-15,27,11,61,full-page OCR | full-page OCR | full-page OCR
Completed,5,23,Alabama Golf Association,Cider Ridge Golf Club Challenge,2025-12-02,2025-12-31,7,1,10,full-page OCR | full-page OCR | full-page OCR
Completed,5,24,Montana State Golf Association,2026 GHIN Challenge @ Airport Golf Club ...,2026-06-01,2026-06-30,2,0,0,full-page OCR | prior-value confirmation | visual zero
Active,5,25,Idaho Golf Association,The Club at SpurWing Primary Challenge,2026-07-01,2026-08-31,96,68,770,full-page OCR | full-page OCR | full-page OCR
Completed,6,1,Montana State Golf Association,2026 GHIN Challenge @ Polson Bay Cham...,2026-07-01,2026-07-31,95,58,474,full-page OCR | full-page OCR | full-page OCR
Completed,6,2,Oklahoma Golf Association,Page Stone Creek Challenge,2025-10-15,2025-11-30,22,8,53,full-page OCR | full-page OCR | full-page OCR
Completed,6,3,Oklahoma Golf Association,Lincoln Park West Challenge,2025-10-15,2025-11-30,43,6,72,full-page OCR | full-page OCR | full-page OCR
Completed,6,4,South Dakota Golf Association,Meadowbrook Golf Course Challenge,2025-10-19,2025-10-31,12,4,28,full-page OCR | prior-value confirmation | full-page OCR
Completed,6,5,Mass Golf,CRANBERRY VALLEY GOLF COURSE Challenge,2025-10-15,2025-11-14,38,7,66,full-page OCR | full-page OCR | full-page OCR
Completed,6,6,Mass Golf,SAGAMORE SPRING GOLF CLUB Challenge,2025-10-15,2025-11-14,43,10,71,full-page OCR | full-page OCR | full-page OCR
Completed,6,7,Florida State Golf Association,Dunedin Golf Club Challenge,2025-11-15,2025-12-14,69,33,257,full-page OCR | full-page OCR | full-page OCR
Completed,6,8,Rochester District Golf Association,ROGA October The Links at Greystone Chal...,2025-10-01,2025-10-31,34,10,75,full-page OCR | full-page OCR | full-page OCR
Completed,6,9,Southern California Golf Association,Coronado Golf Club Challenge,2025-10-06,2025-10-31,83,12,139,full-page OCR | full-page OCR | full-page OCR
Completed,6,10,Alabama Golf Association,Valley Course Challenge,2025-10-01,2025-10-31,49,9,76,full-page OCR | full-page OCR | full-page OCR
Completed,6,11,Montana State Golf Association,MSGA Challenge - Lake Hills GC,2025-10-06,2025-10-31,15,1,23,full-page OCR | prior-value confirmation | full-page OCR
Completed,6,12,Rochester District Golf Association,RDGA October Eagle Vale Challenge,2025-10-01,2025-10-31,11,1,17,full-page OCR | full-page OCR | full-page OCR
Completed,6,13,Alabama Golf Association,Alpine Bay Golf Club Challenge,2026-01-06,2026-02-28,8,4,25,full-page OCR | full-page OCR | full-page OCR
Completed,6,14,Rochester District Golf Association,RDGA October Batavia Challenge,2025-10-01,2025-10-31,9,3,22,full-page OCR | full-page OCR | full-page OCR
Completed,6,15,Rochester District Golf Association,RDGA October Morgan's Crossing Challenge,2025-10-01,2025-10-31,12,2,19,full-page OCR | full-page OCR | full-page OCR
Completed,6,16,Montana State Golf Association,2026 GHIN Challenge @ Chinook Golf Clu...,2026-05-01,2026-05-31,1,0,1,full-page OCR | prior-value confirmation | full-page OCR
Completed,6,17,Alabama Golf Association,Blackberry Trail Challenge,2025-12-02,2025-12-31,6,4,16,full-page OCR | full-page OCR | full-page OCR
Completed,6,18,Rochester District Golf Association,RDGA October Ravenwood Challenge,2025-10-01,2025-10-31,42,11,110,full-page OCR | full-page OCR | full-page OCR
Completed,6,19,Nebraska Golf Association,NebGolf Fall Challenge - Highlands GC,2025-10-01,2025-10-31,56,8,84,full-page OCR | full-page OCR | full-page OCR
Completed,6,20,Iowa Golf Association,2026 Summer Showdown - Palmer Hills,2026-06-15,2026-07-15,51,29,202,full-page OCR | full-page OCR | full-page OCR
Completed,6,21,Connecticut State Golf Association,Rolling Meadows CC 2025 Season End Cha...,2025-10-01,2025-11-14,22,4,33,full-page OCR | full-page OCR | full-page OCR
Completed,6,22,Alabama Golf Association,Ridge Course Challenge,2025-12-02,2025-12-31,8,2,15,row OCR | prior-value confirmation | full-page OCR
Completed,6,23,Montana State Golf Association,2026 GHIN Challenge @ Beaver Creek Golf...,2026-06-01,2026-06-30,2,1,5,full-page OCR | full-page OCR | full-page OCR
Completed,6,24,Southern California Golf Association,Encinitas Ranch Golf Course Challenge,2025-10-06,2025-10-31,89,18,153,full-page OCR | full-page OCR | full-page OCR
Completed,6,25,Indiana Golf Association,Ackerman-Allen Course Challenge,2025-10-10,2025-10-31,12,2,17,full-page OCR | full-page OCR | full-page OCR
Completed,7,1,Texas Golf Association,Memorial Park Golf Course Challenge,2025-11-15,2025-12-15,124,34,247,full-page OCR | full-page OCR | full-page OCR
Completed,7,2,Idaho Golf Association,Emmett City Golf Course Challenge,2026-06-01,2026-06-30,10,5,28,full-page OCR | full-page OCR | full-page OCR
Completed,7,3,Georgia State Golf Association,Chattahoochee Golf Club Challenge,2025-10-17,2025-10-31,23,2,31,full-page OCR | full-page OCR | full-page OCR
Completed,7,4,Alabama Golf Association,Ridge Course Challenge,2025-10-01,2025-10-31,40,2,43,full-page OCR | full-page OCR | full-page OCR
Completed,7,5,Louisiana Golf Association,Beaver Creek GC Challenge #2,2025-10-06,2025-10-31,50,15,84,full-page OCR | full-page OCR | full-page OCR
Completed,7,6,Rochester District Golf Association,RDGA October Brae Burn Challenge,2025-10-01,2025-10-31,2,0,1,full-page OCR | prior-value confirmation | full-page OCR
Completed,7,7,New Jersey Golf,Green Knoll Golf Course Challenge,2025-10-18,2025-11-14,27,5,41,full-page OCR | full-page OCR | full-page OCR
Completed,7,8,Mass Golf,GRANITE LINKS GC - Quincy/Milton Challe...,2025-10-15,2025-11-14,29,2,32,full-page OCR | full-page OCR | full-page OCR
Completed,7,9,GAP,GAP Challenge - Win Prizes at Paxon Hollow,2025-10-14,2025-11-14,40,11,74,full-page OCR | full-page OCR | full-page OCR
Completed,7,10,Rochester District Golf Association,RDGA October Reservoir Creek Challenge,2025-10-01,2025-10-31,6,2,14,full-page OCR | full-page OCR | full-page OCR
Completed,7,11,Southern California Golf Association,Skylinks at Long Beach Challenge,2025-10-06,2025-10-31,107,13,154,full-page OCR | full-page OCR | full-page OCR
Completed,7,12,Georgia State Golf Association,RiverPines Golf Challenge,2025-10-17,2025-10-31,30,5,52,full-page OCR | full-page OCR | full-page OCR
Completed,7,13,Greater Cincinnati Golf Association,Fairfield Greens North Trace Challenge,2026-05-01,2026-07-31,1,0,0,full-page OCR | visual review | visual zero
Completed,7,14,Alabama Golf Association,Limestone Springs Challenge,2025-12-02,2025-12-31,9,1,12,full-page OCR | full-page OCR | full-page OCR
Completed,7,15,Rochester District Golf Association,RDGA October Genesee Valley North Chall...,2025-10-01,2025-10-31,8,3,19,full-page OCR | full-page OCR | full-page OCR
Completed,7,16,Rochester District Golf Association,RDGA October Churchville East Challenge,2025-10-01,2025-10-31,10,5,27,full-page OCR | full-page OCR | full-page OCR
Completed,7,17,Rochester District Golf Association,RDGA October Farview Challenge,2025-10-01,2025-10-31,19,7,51,full-page OCR | full-page OCR | full-page OCR
Completed,7,18,Louisiana Golf Association,The Wetlands GC Challenge,2025-10-06,2025-10-31,17,5,37,full-page OCR | full-page OCR | full-page OCR
Completed,7,19,Iowa Golf Association,The Fall GHIN-Off at Palmer Hills,2025-10-08,2025-10-31,26,16,100,full-page OCR | full-page OCR | full-page OCR
Completed,7,20,Alabama Golf Association,Jackson Golf Association Challenge,2026-05-01,2026-06-30,2,1,7,full-page OCR | full-page OCR | full-page OCR
Completed,7,21,Montana State Golf Association,2026 GHIN Challenge @ Spanish Peaks Mo...,2026-06-01,2026-06-30,23,10,73,full-page OCR | full-page OCR | full-page OCR
Completed,7,22,South Dakota Golf Association,LAKEVIEW GC Challenge,2025-10-19,2025-10-31,16,4,21,full-page OCR | full-page OCR | full-page OCR
Completed,7,23,Tennessee Golf Association,Champions Run Golf Course Challenge,2025-10-19,2025-10-31,7,2,11,full-page OCR | full-page OCR | full-page OCR
Completed,7,24,GAP,GAP Challenge - Win Prizes at Belles Springs,2025-10-14,2025-11-14,21,7,52,full-page OCR | full-page OCR | full-page OCR
Completed,7,25,Florida State Golf Association,Westchase Golf Club Challenge,2025-11-15,2025-12-14,26,11,72,full-page OCR | full-page OCR | full-page OCR
Completed,8,1,Texas Golf Association,"Ross Rogers Golf Complex, Mustang Cours...",2025-11-01,2025-11-30,26,5,48,full-page OCR | full-page OCR | full-page OCR
Completed,8,2,Rochester District Golf Association,RDGA October Timber Ridge Challenge,2025-10-01,2025-10-31,5,2,17,full-page OCR | full-page OCR | full-page OCR
Completed,8,3,Texas Golf Association,"Fort Worth GA, Rockwood Park Golf Cours...",2025-11-01,2025-11-30,52,11,102,full-page OCR | full-page OCR | full-page OCR
Completed,8,4,Rochester District Golf Association,RDGA October Shelridge Challenge,2025-10-01,2025-10-31,27,17,161,full-page OCR | full-page OCR | full-page OCR
Completed,8,5,Georgia State Golf Association,Cobblestone Golf Course Challenge,2025-10-17,2025-10-31,43,11,63,full-page OCR | full-page OCR | full-page OCR
Completed,8,6,Rochester District Golf Association,RDGA October Caledonia Challenge,2025-10-01,2025-10-31,31,16,94,full-page OCR | full-page OCR | full-page OCR
Completed,8,7,Idaho Golf Association,Birch/Cedar Challenge,2026-06-01,2026-06-30,4,0,0,full-page OCR | prior-value confirmation | visual zero
Completed,8,8,Montana State Golf Association,MSGA Challenge - Cottonwood Hills GC,2025-10-06,2025-10-31,24,6,42,full-page OCR | full-page OCR | full-page OCR
Completed,8,9,Rochester District Golf Association,RDGA October Wild Wood Challenge,2025-10-01,2025-10-31,27,7,66,full-page OCR | full-page OCR | full-page OCR
Completed,8,10,Alabama Golf Association,Crossings Challenge,2025-12-02,2025-12-31,20,2,30,full-page OCR | full-page OCR | full-page OCR
Completed,8,11,Rochester District Golf Association,RDGA October Braemar Challenge,2025-10-01,2025-10-31,6,4,30,full-page OCR | full-page OCR | full-page OCR
Completed,8,12,Texas Golf Association,The Rawls Course at Texas Tech Challenge,2025-11-01,2025-11-30,38,17,98,full-page OCR | full-page OCR | full-page OCR
Completed,8,13,Iowa Golf Association,IGA Spring Challenge - Whispering Creek,2026-04-15,2026-05-15,23,9,71,full-page OCR | full-page OCR | full-page OCR
Active,8,14,Idaho Golf Association,Journey's End Golf Course Challenge,2026-07-01,2026-08-31,1,1,3,full-page OCR | full-page OCR | full-page OCR
Completed,8,15,Southern California Golf Association,SCGA Summer Challenge '26,2026-06-01,2026-08-14,245,129,1031,full-page OCR | full-page OCR | full-page OCR
Completed,8,16,Connecticut State Golf Association,Fairview Farm GC 2025 Season End Challe...,2025-10-01,2025-11-14,58,8,88,full-page OCR | full-page OCR | full-page OCR
Completed,8,17,GAP,GAP Challenge - Win Prizes at Foxchase,2025-10-17,2025-11-14,15,4,27,full-page OCR | full-page OCR | full-page OCR
Completed,8,18,Texas Golf Association,Tenison Park Highlands Course Challenge,2025-11-01,2025-11-30,82,20,148,full-page OCR | full-page OCR | full-page OCR
Completed,8,19,Idaho Golf Association,The Links at Teton Peaks Challenge,2026-06-01,2026-06-30,30,12,89,full-page OCR | full-page OCR | full-page OCR
Active,8,20,Montana State Golf Association,2026 GHIN Challenge @ Rock Creek Cattl...,2026-08-01,2026-08-31,2,1,5,full-page OCR | full-page OCR | full-page OCR
Completed,8,21,Southern California Golf Association,Brookside Golf Course #2 (E.O. NAY) Chall...,2025-10-06,2025-10-31,28,5,37,full-page OCR | full-page OCR | full-page OCR
Completed,8,22,Rochester District Golf Association,RDGA October Lake Shore Challenge,2025-10-01,2025-10-31,28,13,88,full-page OCR | full-page OCR | full-page OCR
Completed,8,23,Southern California Golf Association,Tustin Ranch Golf Club Challenge,2025-10-06,2025-10-31,39,10,69,full-page OCR | full-page OCR | full-page OCR
Completed,8,24,Minnesota Golf Association,"University of Minnesota, Les Bolstad GolfC...",2025-10-20,2025-10-31,7,3,16,full-page OCR | full-page OCR | full-page OCR
Completed,8,25,South Dakota Golf Association,Willow Run Golf Course Challenge,2025-10-19,2025-10-31,27,6,49,full-page OCR | full-page OCR | full-page OCR
Completed,9,1,Indiana Golf Association,Plum Creek Golf Club October Challenge,2025-10-06,2025-10-31,13,3,34,full-page OCR | prior-value confirmation | full-page OCR
Completed,9,2,South Dakota Golf Association,HART RANCH GC Challenge,2025-10-19,2025-10-31,3,0,3,row OCR | prior-value confirmation | full-page OCR
Completed,9,3,Rochester District Golf Association,RDGA October Lakeside Challenge,2025-10-01,2025-10-31,13,2,19,full-page OCR | full-page OCR | full-page OCR
Completed,9,4,South Dakota Golf Association,LEE PARK GC Challenge,2025-10-19,2025-10-31,7,2,9,full-page OCR | full-page OCR | full-page OCR
Completed,9,5,Alabama Golf Association,Pines Crossing Golf Course Challenge,2025-12-02,2025-12-31,10,0,10,full-page OCR | row OCR | full-page OCR
Completed,9,6,Alabama Golf Association,Oak Mountain State Park Golf Course Chall...,2025-12-02,2025-12-31,8,1,9,full-page OCR | full-page OCR | full-page OCR
Completed,9,7,Central Links Golf,Auburn Hills Golf Course Challenge,2026-04-09,2026-05-23,38,23,153,full-page OCR | full-page OCR | full-page OCR
Completed,9,8,Minnesota Golf Association,Emily Greens Golf Course Challenge,2026-05-15,2026-08-15,5,1,7,full-page OCR | full-page OCR | full-page OCR
Completed,9,9,Greater Cincinnati Golf Association,Brook & Ridge Challenge,2026-05-01,2026-07-31,2,0,2,full-page OCR | prior-value confirmation | full-page OCR
Completed,9,10,Greater Cincinnati Golf Association,Little Miami Golf Center Challenge,2026-05-01,2026-07-31,2,0,0,full-page OCR | prior-value confirmation | visual zero
Completed,9,11,Alabama Golf Association,River Challenge,2025-12-02,2025-12-31,7,1,16,row OCR | full-page OCR | full-page OCR
Completed,9,12,Florida State Golf Association,Chi Chi Rodriguez Golf Club Challenge,2026-05-15,2026-06-14,28,3,31,full-page OCR | full-page OCR | full-page OCR
Completed,9,13,Greater Cincinnati Golf Association,Meadow Links and Golf Academy Challenge,2026-05-01,2026-07-31,0,0,0,visual zero | visual review | visual zero
Active,9,14,GAP,GAP Challenge at Linfield National Golf Club,2026-08-14,2026-09-28,21,1,20,full-page OCR | full-page OCR | full-page OCR
Completed,9,15,Idaho Golf Association,Cadet Challenge,2026-06-01,2026-06-30,0,0,0,visual zero | prior-value confirmation | visual zero
Upcoming,9,16,New Jersey Golf,Galloping Hill Challenge,2026-09-04,2026-10-12,46,0,0,full-page OCR | visual zero | visual zero
Completed,9,17,Rochester District Golf Association,RDGA October Parkview Fairways Challenge,2025-10-01,2025-10-31,21,6,46,full-page OCR | full-page OCR | full-page OCR
Completed,9,18,Georgia State Golf Association,The Club at Sea Palms Challenge,2025-10-17,2025-10-31,22,5,40,full-page OCR | full-page OCR | full-page OCR
Completed,9,19,Golf Association of Michigan,ORCHARDS GOLF CLUB Challenge,2025-10-01,2025-10-31,50,6,74,full-page OCR | full-page OCR | full-page OCR
Completed,9,20,Louisiana Golf Association,Frasch Park GC GHIN Challenge,2025-10-09,2025-10-31,32,14,98,full-page OCR | full-page OCR | full-page OCR
Completed,9,21,Southern California Golf Association,San Clemente Golf Club Challenge,2025-10-06,2025-10-31,119,23,193,full-page OCR | full-page OCR | full-page OCR
Completed,9,22,Virginia State Golf Association,Laurel Hill Golf Club Challenge,2026-06-01,2026-06-30,93,19,255,full-page OCR | full-page OCR | full-page OCR
Active,9,23,Idaho Golf Association,Rupert Country Club Challenge,2026-07-01,2026-08-31,38,28,175,full-page OCR | full-page OCR | full-page OCR
Active,9,24,Idaho Golf Association,Rivers Edge Golf Club at Burley Challenge,2026-07-01,2026-08-31,25,18,169,full-page OCR | full-page OCR | full-page OCR
Completed,9,25,Greater Cincinnati Golf Association,Green Crest Golf Course Challenge,2026-05-01,2026-07-31,28,7,73,full-page OCR | full-page OCR | full-page OCR
Active,10,1,Texas Golf Association,Delaware Springs Golf Course 2026 Summ... _,2026-06-01,2026-08-29,123,56,858,full-page OCR | full-page OCR | full-page OCR
Completed,10,2,Idaho Golf Association,River Park Golf Course Challenge,2026-06-01,2026-06-30,0,0,0,visual zero | prior-value confirmation | visual zero
Completed,10,3,Nebraska Golf Association,NebGolf Fall Challenge - Pacific SpringsGC,2025-10-01,2025-10-31,21,2,30,full-page OCR | full-page OCR | full-page OCR
Completed,10,4,Virginia State Golf Association,Independence Golf Club Challenge,2025-10-24,2025-11-14,29,11,73,full-page OCR | full-page OCR | full-page OCR
Completed,10,5,Montana State Golf Association,MSGA Challenge - Bill Roberts GC,2025-10-06,2025-10-31,27,18,123,full-page OCR | full-page OCR | full-page OCR
Completed,10,6,Golf Association of Michigan,RAVINES Challenge,2025-10-01,2025-10-31,17,2,19,full-page OCR | full-page OCR | full-page OCR
Completed,10,7,Rochester District Golf Association,RDGA October Shadow Lake Challenge,2025-10-01,2025-10-31,21,2,28,full-page OCR | prior-value confirmation | full-page OCR
Completed,10,8,Georgia State Golf Association,Reunion Country Club Challenge,2025-10-17,2025-10-31,26,5,43,full-page OCR | prior-value confirmation | full-page OCR
Completed,10,9,GAP,GAP Challenge - Win Prizes at Wyncote,2025-10-10,2025-11-14,52,3,57,full-page OCR | row OCR | full-page OCR
Completed,10,10,Oklahoma Golf Association,Earlywine North Course Challenge,2025-10-15,2025-11-30,24,3,27,full-page OCR | full-page OCR | full-page OCR
Completed,10,11,Alabama Golf Association,Livingston Country Club Challenge,2026-03-03,2026-05-31,3,3,16,full-page OCR | prior-value confirmation | full-page OCR
Upcoming,10,12,Virginia State Golf Association,Kiskiack Golf Club Challenge,2026-09-01,2026-09-30,1,0,0,full-page OCR | row OCR | row OCR
Active,10,13,Southern California Golf Association,SCGA Fall Classic '26 - Rancho San Joaquin,2026-08-17,2026-10-31,51,3,52,full-page OCR | full-page OCR | full-page OCR
Completed,10,14,Southern California Golf Association,SCGA Summer Challenge '26,2026-06-01,2026-08-14,180,56,446,full-page OCR | full-page OCR | full-page OCR
Completed,10,15,Rochester District Golf Association,RDGA October Blue Heron Challenge,2025-10-01,2025-10-31,14,4,36,full-page OCR | full-page OCR | full-page OCR
Completed,10,16,Louisiana Golf Association,Frasch Park GC Challenge,2026-05-15,2026-06-15,33,14,121,full-page OCR | full-page OCR | full-page OCR
Completed,10,17,Greater Cincinnati Golf Association,West/South Challenge,2026-05-01,2026-07-31,11,2,22,full-page OCR | full-page OCR | full-page OCR
Completed,10,18,Alabama Golf Association,Vanity Fair Golf & Tennis Club Challenge,2026-03-03,2026-05-31,3,2,12,full-page OCR | full-page OCR | full-page OCR
Completed,10,19,Carolinas Golf Association,Glen Dornoch Challenge,2026-06-01,2026-06-30,57,10,77,full-page OCR | full-page OCR | full-page OCR
Completed,10,20,Virginia State Golf Association,Gauntlet Golf Club Challenge,2025-10-24,2025-11-14,29,13,76,full-page OCR | full-page OCR | full-page OCR
Completed,10,21,Mass Golf,WAUBEEKA GOLF LINKS Challenge,2025-10-15,2025-11-14,13,5,36,full-page OCR | full-page OCR | full-page OCR
Completed,10,22,Southern California Golf Association,SCGA Summer Challenge '26,2026-06-01,2026-08-14,109,10,170,full-page OCR | full-page OCR | full-page OCR
Active,10,23,Western Pennsylvania Golf Association,Blue Course Challenge,2026-06-01,2026-09-01,96,29,352,full-page OCR | full-page OCR | full-page OCR
Completed,10,24,Montana State Golf Association,2026 GHIN Challenge @ Pine Ridge Golf Cc...,2026-05-01,2026-05-31,2,1,5,full-page OCR | full-page OCR | full-page OCR
Active,10,25,Southern California Golf Association,SCGA Fall Classic '26 - Sepulveda,2026-08-17,2026-10-31,55,0,48,full-page OCR | row OCR | full-page OCR
Active,11,1,Montana State Golf Association,2026 GHIN Challenge @ Green Meadow C...,2026-08-01,2026-08-31,1,1,3,full-page OCR | full-page OCR | full-page OCR
Completed,11,2,Iowa Golf Association,IGA Spring Challenge - Bent Tree,2026-04-15,2026-05-15,55,16,154,full-page OCR | full-page OCR | full-page OCR
Completed,11,3,Iowa Golf Association,IGA Spring Challenge - Jester Park,2026-04-15,2026-05-15,77,35,246,full-page OCR | full-page OCR | full-page OCR
Completed,11,4,Alabama Golf Association,Atmore Country Club Challenge,2026-04-01,2026-05-31,2,0,2,full-page OCR | prior-value confirmation | full-page OCR
Completed,11,5,Greater Cincinnati Golf Association,Circling Hills Golf Course Challenge,2026-05-01,2026-07-31,30,5,52,full-page OCR | visual review | full-page OCR
Completed,11,6,Montana State Golf Association,MSGA Challenge - Polson Bay GC Champ 18,2025-10-06,2025-10-31,22,17,101,full-page OCR | full-page OCR | full-page OCR
Completed,11,7,Texas Golf Association,"Alamo City Golf Trail, Brackenridge Golf Co...",2025-11-01,2025-11-30,62,6,70,full-page OCR | full-page OCR | full-page OCR
Completed,11,8,New Jersey Golf,Sunset Valley Golf Course Challenge,2025-10-18,2025-11-14,17,8,38,full-page OCR | full-page OCR | full-page OCR
Completed,11,9,New Jersey Golf,Rockleigh Golf Course Red/White Challenge,2025-10-18,2025-11-14,10,0,7,full-page OCR | prior-value confirmation | full-page OCR
Completed,11,10,Connecticut State Golf Association,Whitney Farms GC 2025 Season End Chall...,2025-10-01,2025-11-14,42,25,175,full-page OCR | full-page OCR | full-page OCR
Completed,11,11,Iowa Golf Association,The Fall GHIN-Off at Hunters Ridge,2025-10-08,2025-10-31,22,11,64,full-page OCR | full-page OCR | full-page OCR
Completed,11,12,Louisiana Golf Association,Crooked Hollow Golf Club GHIN Challenge,2025-10-09,2025-10-31,8,3,18,full-page OCR | full-page OCR | full-page OCR
Completed,11,13,Alabama Golf Association,Timberline Golf Course Challenge,2025-10-01,2025-10-31,44,16,128,full-page OCR | full-page OCR | full-page OCR
Active,11,14,Idaho Golf Association,Warm Springs Golf Course Challenge,2026-07-01,2026-08-31,84,42,359,full-page OCR | full-page OCR | full-page OCR
Completed,11,15,Nebraska Golf Association,NebGolf Fall Challenge - Meadowlark Hills...,2025-10-01,2025-10-31,22,5,42,full-page OCR | full-page OCR | full-page OCR
Completed,11,16,Rochester District Golf Association,RDGA October Webster Challenge,2025-10-01,2025-10-31,32,22,150,full-page OCR | full-page OCR | full-page OCR
Completed,11,17,Nebraska Golf Association,NebGolf Fall Challenge - Platteview GC,2025-10-01,2025-10-31,64,32,237,full-page OCR | full-page OCR | full-page OCR
Completed,11,18,Montana State Golf Association,2026 GHIN Challenge @ Mission Mountain...,2026-06-01,2026-06-30,6,2,9,full-page OCR | full-page OCR | full-page OCR
Completed,11,19,Colorado Golf Association,Peak/Plains Challenge,2026-07-06,2026-08-16,95,32,199,full-page OCR | full-page OCR | full-page OCR
Completed,11,20,Greater Cincinnati Golf Association,ClearCreek-the Practice Center Challenge,2026-05-01,2026-07-31,3,1,6,full-page OCR | full-page OCR | full-page OCR
Completed,11,21,Montana State Golf Association,2026 GHIN Challenge @ River's Bend Golf...,2026-05-01,2026-05-31,3,0,3,full-page OCR | prior-value confirmation | full-page OCR
Completed,11,22,Alabama Golf Association,Dunes/Lakes Challenge,2026-04-01,2026-05-31,1,0,1,full-page OCR | prior-value confirmation | full-page OCR
Active,11,23,Idaho Golf Association,Caribou Highlands Golf Course Challenge,2026-07-01,2026-08-31,0,0,0,row OCR | prior-value confirmation | full-page OCR
Completed,11,24,South Dakota Golf Association,ELMWOOD GOLF COURSE Challenge,2025-10-19,2025-10-31,30,9,58,full-page OCR | full-page OCR | full-page OCR
Completed,11,25,GAP,GAP Challenge - Win Prizes at Pitman,2025-10-16,2025-11-15,31,11,77,full-page OCR | full-page OCR | full-page OCR
Completed,12,1,Oklahoma Golf Association,LaFortune Park GC Challenge,2025-10-15,2025-11-30,30,7,53,full-page OCR | full-page OCR | full-page OCR
Completed,12,2,Montana State Golf Association,2026 GHIN Challenge @ Choteau Country...,2026-05-01,2026-05-31,1,0,1,full-page OCR | prior-value confirmation | full-page OCR
Completed,12,3,Idaho Golf Association,Freedom Course Challenge,2026-06-01,2026-06-30,0,0,0,visual zero | row OCR | visual zero
Completed,12,4,Florida State Golf Association,Rogers Park Golf Club Challenge,2026-05-15,2026-06-14,16,0,13,full-page OCR | prior-value confirmation | full-page OCR
Completed,12,5,Sun Country Amateur Golf Association,TAMAYA/CHEENA Challenge!,2025-10-10,2025-10-17,17,0,7,full-page OCR | prior-value confirmation | full-page OCR
Completed,12,6,New Jersey Golf,Galloping Hill Challenge,2025-10-18,2025-11-14,20,4,34,full-page OCR | full-page OCR | full-page OCR
Completed,12,7,Florida State Golf Association,Abacoa Golf Club Challenge,2026-05-15,2026-06-14,103,24,220,full-page OCR | full-page OCR | full-page OCR
Completed,12,8,Connecticut State Golf Association,Norwich GC 2025 Season End Challenge,2025-10-01,2025-11-14,37,20,186,full-page OCR | full-page OCR | full-page OCR
Completed,12,9,New Jersey Golf,Hendricks Field Golf Club Challenge,2025-10-18,2025-11-14,53,17,118,full-page OCR | full-page OCR | full-page OCR
Completed,12,10,Alabama Golf Association,Rock Creek Golf Club Challenge,2026-06-01,2026-08-01,34,15,148,full-page OCR | full-page OCR | full-page OCR
Completed,12,11,Greater Cincinnati Golf Association,Potters Park Golf Course Challenge,2026-05-01,2026-07-31,9,1,15,full-page OCR | full-page OCR | full-page OCR
Active,12,12,Iowa Golf Association,Lodge 590 Summer GHIN Challenge,2026-05-25,2026-09-07,41,34,347,full-page OCR | full-page OCR | full-page OCR
Completed,12,13,Rochester District Golf Association,RDGA October Ontario Challenge,2025-10-01,2025-10-31,23,10,80,full-page OCR | full-page OCR | full-page OCR
Completed,12,14,Southern California Golf Association,Los Robles Greens Golf Course Challenge,2025-10-06,2025-10-31,75,9,105,full-page OCR | full-page OCR | full-page OCR
Completed,12,15,Southern California Golf Association,Olivas Links Challenge,2025-10-06,2025-10-31,62,5,93,full-page OCR | row OCR | full-page OCR
Upcoming,12,16,New Jersey Golf,Heron Glen Golf Course Challenge,2026-09-04,2026-10-12,46,0,0,full-page OCR | row OCR | row OCR
Completed,12,17,Florida State Golf Association,Duran Golf Club Challenge,2026-05-15,2026-06-14,35,0,0,full-page OCR | row OCR | visual zero
Active,12,18,Idaho Golf Association,Council Greens Challenge,2026-07-01,2026-08-31,0,0,0,row OCR | prior-value confirmation | visual zero
Completed,12,19,Idaho Golf Association,Juniper Hills Country Club Challenge,2026-06-01,2026-06-30,8,2,12,full-page OCR | full-page OCR | full-page OCR
Active,12,20,Montana State Golf Association,GHIN Challenge @ Rolling Hite Golf... MontanaStateGelf,2026-08-01,2026-08-31,0,0,0,row OCR | visual review | visual zero
Completed,12,21,Louisiana Golf Association,Crooked Hollow Golf Club Challenge #2,2026-05-15,2026-06-15,11,6,28,full-page OCR | full-page OCR | full-page OCR
Completed,12,22,North Dakota Golf Association,Riverwood Golf Course Challenge,2026-06-08,2026-06-30,72,36,230,full-page OCR | full-page OCR | full-page OCR
Active,12,23,Indiana Golf Association,COVERED BRIDGE GC Challenge,2026-05-02,2026-08-31,100,46,438,full-page OCR | full-page OCR | full-page OCR
Active,12,24,Colorado Golf Association,Collindale Golf Course Challenge,2026-07-20,2026-08-31,117,31,223,full-page OCR | full-page OCR | full-page OCR
Completed,12,25,Idaho Golf Association,Cedar/Aspen Challenge,2026-06-01,2026-06-30,1,0,1,full-page OCR | prior-value confirmation | full-page OCR
Completed,13,1,Southern California Golf Association,SCGA Summer Challenge '26,2026-06-01,2026-08-14,146,61,458,full-page OCR | full-page OCR | full-page OCR
Completed,13,2,Idaho Golf Association,South/Middle Challenge,2026-06-01,2026-06-30,1,0,1,full-page OCR | prior-value confirmation | full-page OCR
Completed,13,3,Alabama Golf Association,Lakeview Country Club Challenge,2026-06-01,2026-08-01,2,1,5,full-page OCR | full-page OCR | full-page OCR
Active,13,4,Idaho Golf Association,Middle/North Challenge,2026-07-01,2026-08-31,4,2,20,full-page OCR | full-page OCR | full-page OCR
Completed,13,5,Idaho Golf Association,Idaho Falls Country Club Challenge,2026-06-01,2026-06-30,50,23,140,full-page OCR | full-page OCR | full-page OCR
Completed,13,6,Montana State Golf Association,2026 GHIN Challenge @ Exchange City Par...,2026-05-01,2026-05-31,12,3,32,full-page OCR | full-page OCR | full-page OCR
Completed,13,7,Montana State Golf Association,2026 GHIN Challenge @ Cut Bank Golf & C...,2026-06-01,2026-06-30,2,1,6,full-page OCR | full-page OCR | full-page OCR
Upcoming,13,8,Virginia State Golf Association,Riverfront Golf Club Challenge,2026-09-01,2026-09-30,1,0,0,full-page OCR | visual review | visual zero
Completed,13,9,Texas Golf Association,Grapevine Golf Course-Pecan/Mockingbird....,2026-05-22,2026-08-19,185,93,978,full-page OCR | full-page OCR | full-page OCR
Completed,13,10,Idaho Golf Association,Council Greens Challenge,2026-06-01,2026-06-30,1,0,1,full-page OCR | prior-value confirmation | full-page OCR
Completed,13,11,Southern California Golf Association,SCGA Summer Challenge '26,2026-06-01,2026-08-14,236,48,501,full-page OCR | full-page OCR | full-page OCR
Completed,13,12,Louisiana Golf Association,Chennault Park GC Challenge #2,2026-05-15,2026-06-15,11,2,18,full-page OCR | full-page OCR | full-page OCR
Active,13,13,Montana State Golf Association,2026 GHIN Challenge @ Pondera Golf Cou..,2026-08-01,2026-08-31,1,0,0,full-page OCR | visual review | visual zero
Completed,13,14,Iowa Golf Association,IGA Spring Challenge - Hunters Ridge,2026-04-15,2026-05-15,36,12,94,full-page OCR | full-page OCR | full-page OCR
Active,13,15,Idaho Golf Association,Sand Creek Golf Course Challenge,2026-07-01,2026-08-31,43,17,138,full-page OCR | full-page OCR | full-page OCR
Completed,13,16,Montana State Golf Association,2026 GHIN Challenge @ Cottonwood Hills...,2026-07-01,2026-07-31,16,4,27,full-page OCR | full-page OCR | full-page OCR
Completed,13,17,Greater Cincinnati Golf Association,Ridge & Lake Challenge,2026-05-01,2026-07-31,1,0,1,full-page OCR | prior-value confirmation | full-page OCR
Completed,13,18,Greater Cincinnati Golf Association,Pioneer Challenge,2026-05-01,2026-07-31,27,9,70,full-page OCR | full-page OCR | full-page OCR
Active,13,19,Idaho Golf Association,South/West Challenge,2026-07-01,2026-08-31,23,8,50,full-page OCR | full-page OCR | full-page OCR
Completed,13,20,Florida State Golf Association,Fox Hollow Golf Club Challenge,2026-05-15,2026-06-14,59,29,204,full-page OCR | full-page OCR | full-page OCR
Completed,13,21,Texas Golf Association,Firewheel at Garland-Old Course 2026 Su...,2026-05-23,2026-08-20,146,50,357,full-page OCR | full-page OCR | full-page OCR
Active,13,22,Texas Golf Association,Shady Oaks Golf Course 2026 Summer Ch...,2026-06-03,2026-08-31,34,25,273,full-page OCR | full-page OCR | full-page OCR
Active,13,23,Idaho Golf Association,Jug Mountain Ranch Challenge,2026-07-01,2026-08-31,47,18,167,full-page OCR | full-page OCR | full-page OCR
Completed,13,24,Montana State Golf Association,2026 GHIN Challenge @ Village Greens Go...,2026-05-01,2026-05-31,52,24,165,full-page OCR | full-page OCR | full-page OCR
Completed,13,25,Alabama Golf Association,Cross Creek Golf Course Challenge,2026-03-03,2026-05-31,32,13,88,full-page OCR | full-page OCR | full-page OCR
Active,14,1,Idaho Golf Association,Indian Lakes Golf Course Challenge,2026-07-01,2026-08-31,2,0,2,full-page OCR | row OCR | full-page OCR
Active,14,2,Idaho Golf Association,Island Park Village Golf Course Challenge,2026-07-01,2026-08-31,0,0,0,row OCR | prior-value confirmation | visual zero
Active,14,3,GAP,GAP Challenge at John F. Byrne Golf Course,2026-08-14,2026-09-28,26,1,27,full-page OCR | full-page OCR | full-page OCR
Active,14,4,Texas Golf Association,Cottonwood Creek Golf Course 2026 Sum...,2026-06-01,2026-08-29,56,29,259,full-page OCR | full-page OCR | full-page OCR
Completed,14,5,Iowa Golf Association,2026 Summer Showdown - The Ridge,2026-06-15,2026-07-15,54,31,226,full-page OCR | full-page OCR | full-page OCR
Completed,14,6,Alabama Golf Association,Prattville Country Club Challenge,2026-03-03,2026-05-31,6,3,29,full-page OCR | full-page OCR | full-page OCR
Completed,14,7,Central Links Golf,St. Andrews Golf Club Challenge,2026-04-09,2026-05-23,116,38,287,full-page OCR | full-page OCR | full-page OCR
Completed,14,8,Alabama Golf Association,Juniper Creek Golf Challenge,2026-05-01,2026-06-30,3,1,6,full-page OCR | full-page OCR | full-page OCR
Active,14,9,Montana State Golf Association,‘RORE-GHIN HllisG...,2026-08-01,2026-08-31,14,2,25,full-page OCR | full-page OCR | full-page OCR
Completed,14,10,GAP,GAP GHIN Challenge at Makefield Highlands,2026-07-01,2026-08-12,158,46,331,full-page OCR | full-page OCR | full-page OCR
Completed,14,11,Florida State Golf Association,Eagle Lakes Golf Club Challenge,2026-05-15,2026-06-14,46,10,82,full-page OCR | full-page OCR | full-page OCR
Active,14,12,Iowa Golf Association,2026 IGA GHIN Throwdown - Willow Creek,2026-08-15,2026-09-15,4,0,3,full-page OCR | prior-value confirmation | full-page OCR
Active,14,13,Idaho Golf Association,Cadet Challenge,2026-07-01,2026-08-31,0,0,0,row OCR | visual review | row OCR
Completed,14,14,Greater Cincinnati Golf Association,Devou Park Golf Course Challenge,2026-05-01,2026-07-31,14,1,14,full-page OCR | full-page OCR | full-page OCR
Completed,14,15,Idaho Golf Association,Country View Golf Course Challenge,2026-06-01,2026-06-30,3,0,3,full-page OCR | prior-value confirmation | full-page OCR
Completed,14,16,Idaho Golf Association,Challenge Course Challenge,2026-06-01,2026-06-30,0,0,0,row OCR | prior-value confirmation | visual zero
Completed,14,17,Greater Cincinnati Golf Association,Sharon Woods Golf Course Challenge,2026-05-01,2026-07-31,53,20,178,full-page OCR | full-page OCR | full-page OCR
Upcoming,14,18,New Jersey Golf,Pinch Brook Golf Course Challenge,2026-09-04,2026-10-12,22,0,0,full-page OCR | visual zero | visual zero
Completed,14,19,Greater Cincinnati Golf Association,Fairfield Greens South Trace Challenge,2026-05-01,2026-07-31,14,9,60,full-page OCR | full-page OCR | full-page OCR
Completed,14,20,Ohio Golf Association,Champions Golf Course Challenge,2026-05-20,2026-06-10,30,2,22,full-page OCR | full-page OCR | full-page OCR
Completed,14,21,Carolinas Golf Association,Carolina Lakes GC Challenge,2026-07-01,2026-07-31,44,16,119,full-page OCR | full-page OCR | full-page OCR
Completed,14,22,Texas Golf Association,"Tenison Park Golf Course, Summer 2026 1H...",2026-05-15,2026-08-12,225,73,684,full-page OCR | full-page OCR | full-page OCR
Completed,14,23,Iowa Golf Association,IGA Spring Challenge - Glynns Creek,2026-04-15,2026-05-15,32,13,128,full-page OCR | full-page OCR | full-page OCR
Completed,14,24,Idaho Golf Association,Teton Reserve Challenge,2026-06-01,2026-06-30,29,17,88,full-page OCR | full-page OCR | full-page OCR
Active,14,25,Idaho Golf Association,Cedar/Aspen Challenge,2026-07-01,2026-08-31,3,0,2,full-page OCR | row OCR | full-page OCR
Completed,15,1,Southern California Golf Association,SCGA Summer Challenge '26,2026-06-01,2026-08-14,112,39,293,full-page OCR | full-page OCR | full-page OCR
Active,15,2,Idaho Golf Association,Freedom Course Challenge,2026-07-01,2026-08-31,0,0,0,row OCR | row OCR | visual zero
Completed,15,3,Alabama Golf Association,Aroostook Golf Course Challenge,2026-03-03,2026-05-31,10,3,33,full-page OCR | full-page OCR | full-page OCR
Completed,15,4,Alabama Golf Association,Redmont Recreation Club Challenge,2026-04-01,2026-05-31,2,2,7,full-page OCR | full-page OCR | full-page OCR
Completed,15,5,Idaho Golf Association,Journey's End Golf Course Challenge,2026-06-01,2026-06-30,2,2,6,full-page OCR | full-page OCR | full-page OCR
Completed,15,6,Florida State Golf Association,Jacksonville Beach Golf Club Challenge,2026-05-15,2026-06-14,143,48,362,full-page OCR | full-page OCR | full-page OCR
Completed,15,7,Greater Cincinnati Golf Association,Harmon Golf Club Challenge,2026-05-01,2026-07-31,5,1,11,full-page OCR | full-page OCR | full-page OCR
Completed,15,8,Central Links Golf,Minor Park Golf Course Challenge,2026-04-09,2026-05-23,30,6,69,full-page OCR | full-page OCR | full-page OCR
Completed,15,9,Greater Cincinnati Golf Association,Eagles Nest Golf Course Challenge,2026-05-01,2026-07-31,4,1,7,full-page OCR | full-page OCR | full-page OCR
Completed,15,10,Virginia State Golf Association,London Downs Golf Course Challenge,2026-07-01,2026-07-31,39,21,150,full-page OCR | full-page OCR | full-page OCR
Completed,15,11,Southern California Golf Association,SCGA Summer Challenge '26,2026-06-01,2026-08-14,210,75,692,full-page OCR | full-page OCR | full-page OCR
Completed,15,12,Southern California Golf Association,SCGA Summer Challenge '26,2026-06-01,2026-08-14,218,80,770,full-page OCR | full-page OCR | full-page OCR
Completed,15,13,Idaho Golf Association,Caribou Highlands Golf Course Challenge,2026-06-01,2026-06-30,2,0,0,full-page OCR | row OCR | visual zero
Completed,15,14,Idaho Golf Association,Wee Nine Challenge,2026-06-01,2026-06-30,0,0,0,row OCR | prior-value confirmation | visual zero
Completed,15,15,Rochester District Golf Association,2026 RDGA Webster Challenge,2026-06-01,2026-08-15,99,61,868,full-page OCR | full-page OCR | full-page OCR
Completed,15,16,Idaho Golf Association,Jug Mountain Ranch Challenge,2026-06-01,2026-06-30,33,11,99,full-page OCR | full-page OCR | full-page OCR
Active,15,17,Montana State Golf Association,2026 GHIN Challenge @ Valley View Golf...,2026-08-01,2026-08-31,26,13,83,full-page OCR | full-page OCR | full-page OCR
Active,15,18,Western Pennsylvania Golf Association,White Course Challenge,2026-06-01,2026-09-01,78,23,302,full-page OCR | full-page OCR | full-page OCR
Active,15,19,Idaho Golf Association,Pierce Park Greens Challenge,2026-07-01,2026-08-31,0,0,0,row OCR | prior-value confirmation | visual zero
Completed,15,20,South Dakota Golf Association,FISH LAKE CC Challenge - 1st Place $25 Gi...,2026-05-20,2026-06-27,6,4,16,full-page OCR | full-page OCR | full-page OCR
Completed,15,21,GAP,GAP GHIN Challenge at Broad Run Golfer's...,2026-04-01,2026-05-17,106,20,287,full-page OCR | full-page OCR | full-page OCR
Upcoming,15,22,New Jersey Golf,Paramus Golf Course Challenge,2026-09-04,2026-10-12,82,0,0,full-page OCR | visual zero | visual zero
Completed,15,23,Montana State Golf Association,2026 GHIN Challenge @ Eaglerock Golf Co...,2026-07-01,2026-07-31,39,19,135,full-page OCR | full-page OCR | full-page OCR
Completed,15,24,Idaho Golf Association,Riverside Golf Course Challenge,2026-06-01,2026-06-30,49,19,138,full-page OCR | full-page OCR | full-page OCR
Completed,15,25,Carolinas Golf Association,Midland valley Golf Club Challenge,2026-05-01,2026-05-31,67,27,183,full-page OCR | full-page OCR | full-page OCR
Completed,16,1,Texas Golf Association,The Rawls Course at Texas Tech Challenge-...__,2026-04-01,2026-04-30,76,31,216,full-page OCR | full-page OCR | full-page OCR
Active,16,2,Idaho Golf Association,River Park Golf Course Challenge,2026-07-01,2026-08-31,0,0,0,visual zero | prior-value confirmation | visual zero
Completed,16,3,Louisiana Golf Association,Timberlane G&RC Challenge #2,2026-05-15,2026-06-15,9,3,28,full-page OCR | prior-value confirmation | full-page OCR
Active,16,4,Montana State Golf Association,GHIN @tickory Swing Ga...,2026-08-01,2026-08-31,9,4,25,full-page OCR | full-page OCR | full-page OCR
Completed,16,5,Virginia State Golf Association,Virginia Beach National Golf Club Challenge,2026-07-01,2026-07-31,117,47,339,full-page OCR | full-page OCR | full-page OCR
Completed,16,6,Idaho Golf Association,BanBury Golf Course Challenge,2026-06-01,2026-06-30,79,28,183,full-page OCR | full-page OCR | full-page OCR
Completed,16,7,Montana State Golf Association,2026 GHIN Challenge @ Town & Country C..._,2026-05-01,2026-05-31,22,7,51,full-page OCR | full-page OCR | full-page OCR
Completed,16,8,Idaho Golf Association,Cascade Golf Course Challenge,2026-06-01,2026-06-30,2,0,2,full-page OCR | prior-value confirmation | full-page OCR
Completed,16,9,Central Links Golf,Sand Creek Station Golf Course Challenge,2026-04-09,2026-05-23,33,8,54,full-page OCR | full-page OCR | full-page OCR
Completed,16,10,Carolinas Golf Association,Bryan Park - Champions Course Challenge,2026-06-01,2026-06-30,84,13,113,full-page OCR | full-page OCR | full-page OCR
Completed,16,11,Idaho Golf Association,Pierce Park Greens Challenge,2026-06-01,2026-06-30,0,0,0,visual zero | prior-value confirmation | visual zero
Completed,16,12,Ohio Golf Association,Glenross GC Challenge,2026-05-20,2026-06-10,39,7,58,full-page OCR | full-page OCR | full-page OCR
Completed,16,13,Texas Golf Association,Grey Rock Golf Club 2026 Summer Challe...,2026-05-15,2026-08-12,180,99,985,full-page OCR | full-page OCR | full-page OCR
Active,16,14,Southern California Golf Association,SCGA Fall Classic '26 - Goose Creek,2026-08-17,2026-10-31,79,2,81,full-page OCR | full-page OCR | full-page OCR
Completed,16,15,Alabama Golf Association,Ballantrae Golf Club Challenge,2026-06-01,2026-08-01,85,36,375,full-page OCR | full-page OCR | full-page OCR
Completed,16,16,Montana State Golf Association,2026 GHIN Challenge @ Sunnyside Countr..._,2026-05-01,2026-05-31,14,2,17,full-page OCR | full-page OCR | full-page OCR
Active,16,17,Idaho Golf Association,Sage Lakes Golf Course Challenge,2026-07-01,2026-08-31,33,13,92,full-page OCR | full-page OCR | full-page OCR
Completed,16,18,Idaho Golf Association,Chimney Rock Golf Course Challenge,2026-06-01,2026-06-30,3,2,10,full-page OCR | full-page OCR | full-page OCR
Active,16,19,Oklahoma Golf Association,Best of West Challenge,2026-08-01,2026-09-30,25,4,40,full-page OCR | full-page OCR | full-page OCR
Completed,16,20,Greater Cincinnati Golf Association,Woodlands/Meadows Challenge,2026-05-01,2026-07-31,5,0,7,full-page OCR | prior-value confirmation | full-page OCR
Completed,16,21,Greater Cincinnati Golf Association,White/Blue Challenge,2026-05-01,2026-07-31,18,3,25,full-page OCR | full-page OCR | full-page OCR
Active,16,22,Idaho Golf Association,BanBury Golf Course Challenge,2026-07-01,2026-08-31,76,39,306,full-page OCR | full-page OCR | full-page OCR
Completed,16,23,Idaho Golf Association,Island Park Village Golf Course Challenge,2026-06-01,2026-06-30,0,0,0,visual zero | prior-value confirmation | visual zero
Completed,16,24,Idaho Golf Association,Pleasant Valley Golf Course Challenge,2026-06-01,2026-06-30,1,0,2,full-page OCR | prior-value confirmation | full-page OCR
Completed,16,25,Greater Cincinnati Golf Association,Brown's Run Country Club Challenge,2026-05-01,2026-07-31,40,9,139,full-page OCR | full-page OCR | full-page OCR
Active,17,1,Wyoming State / Colorado GA,Park/Highlands Challenge,2026-07-20,2026-08-31,32,7,48,full-page OCR | full-page OCR | full-page OCR
Upcoming,17,2,Carolinas Golf Association,River Ridge GC Challenge,2026-09-01,2026-10-15,37,0,0,full-page OCR | visual zero | visual zero
Completed,17,3,Idaho Golf Association,South/North 2023 Challenge,2026-06-01,2026-06-30,24,6,41,full-page OCR | full-page OCR | full-page OCR
Completed,17,4,Idaho Golf Association,Scotch Pines Golf Course Challenge,2026-06-01,2026-06-30,43,25,156,full-page OCR | full-page OCR | full-page OCR
Active,17,5,Georgia State Golf Association,GSGA GHIN Challenge,2026-05-04,2026-08-31,182,66,872,full-page OCR | full-page OCR | full-page OCR
Completed,17,6,Florida State Golf Association,Bonaventure Country Club Challenge,2026-05-15,2026-06-14,6,2,17,full-page OCR | full-page OCR | full-page OCR
Completed,17,7,Montana State Golf Association,2026 GHIN Challenge @ Hamilton Golf Clu... |,2026-05-01,2026-05-31,59,28,201,full-page OCR | full-page OCR | full-page OCR
Active,17,8,Idaho Golf Association,Montpelier Golf Course Challenge,2026-07-01,2026-08-31,5,2,27,full-page OCR | full-page OCR | full-page OCR
Completed,17,9,Alabama Golf Association,Dothan Country Club Challenge,2026-04-01,2026-05-31,63,46,410,full-page OCR | full-page OCR | full-page OCR
Completed,17,10,Greater Cincinnati Golf Association,East/South Challenge,2026-05-01,2026-07-31,9,2,14,full-page OCR | full-page OCR | full-page OCR
Completed,17,11,Texas Golf Association,Ratliff Ranch Golf Links 2026 Summer Cha...,2026-05-27,2026-08-24,59,35,255,full-page OCR | full-page OCR | full-page OCR
Completed,17,12,Southern California Golf Association,SCGA Summer Challenge '26,2026-06-01,2026-08-14,247,83,607,full-page OCR | full-page OCR | full-page OCR
Completed,17,13,Idaho Golf Association,93 Golf Ranch Challenge,2026-06-01,2026-06-30,27,16,112,full-page OCR | full-page OCR | full-page OCR
Completed,17,14,Idaho Golf Association,Indian Lakes Golf Course Challenge,2026-06-01,2026-06-30,2,0,3,full-page OCR | prior-value confirmation | full-page OCR
Completed,17,15,Montana State Golf Association,2026 GHIN Challenge @ Anaconda CC,2026-05-01,2026-05-31,23,8,42,full-page OCR | full-page OCR | full-page OCR
Completed,17,16,Rochester District Golf Association,2026 RDGA Durand Eastman Golf Club Ch...,2026-06-01,2026-08-15,53,20,164,full-page OCR | full-page OCR | full-page OCR
Completed,17,17,Oklahoma Golf Association,Hefner North Challenge,2026-04-01,2026-05-31,108,24,213,full-page OCR | full-page OCR | full-page OCR
Completed,17,18,Carolinas Golf Association,The 500 Club Challenge,2026-05-01,2026-05-31,100,30,229,full-page OCR | full-page OCR | full-page OCR
Completed,17,19,Florida State Golf Association,Quail Heights Country Club Challenge,2026-05-15,2026-06-14,14,2,20,full-page OCR | full-page OCR | full-page OCR
Completed,17,20,Florida State Golf Association,Bartow Golf Course Challenge,2026-05-15,2026-06-14,16,3,26,full-page OCR | full-page OCR | full-page OCR
Completed,17,21,Montana State Golf Association,2026 GHIN Challenge @ Overland Golf Co...,2026-06-01,2026-06-30,10,2,20,full-page OCR | full-page OCR | full-page OCR
Completed,17,22,Greater Cincinnati Golf Association,Twin Oaks Golf Course Challenge,2026-05-01,2026-07-31,34,11,79,full-page OCR | full-page OCR | full-page OCR
Active,17,23,Southern California Golf Association,SCGA Fall Classic '26 - Rancho Park,2026-08-17,2026-10-31,60,3,62,full-page OCR | full-page OCR | full-page OCR
Completed,17,24,Idaho Golf Association,Silver Sage Golf Course Challenge,2026-06-01,2026-06-30,11,6,79,full-page OCR | full-page OCR | full-page OCR
Active,17,25,Idaho Golf Association,Jerome Country Club Challenge,2026-07-01,2026-08-31,56,41,379,full-page OCR | full-page OCR | full-page OCR
Completed,18,1,Idaho Golf Association,American Falls Golf Course Challenge,2026-06-01,2026-06-30,12,7,31,full-page OCR | full-page OCR | full-page OCR
Completed,18,2,Montana State Golf Association,2026 GHIN Challenge @ Wilderness Club ...,2026-06-01,2026-06-30,23,12,87,full-page OCR | full-page OCR | full-page OCR
Completed,18,3,Greater Cincinnati Golf Association,World of Golf Challenge,2026-05-01,2026-07-31,6,2,12,full-page OCR | full-page OCR | full-page OCR
Completed,18,4,Montana State Golf Association,2026 GHIN Challenge @ Yegen Golf Club C...,2026-05-01,2026-05-31,46,22,128,full-page OCR | full-page OCR | full-page OCR
Completed,18,5,Florida State Golf Association,Riverwood Golf Club Challenge,2026-05-15,2026-06-14,59,32,254,full-page OCR | full-page OCR | full-page OCR
Completed,18,6,Florida State Golf Association,Palatka Golf Club Challenge,2026-05-15,2026-06-14,19,8,59,full-page OCR | full-page OCR | full-page OCR
Completed,18,7,Carolinas Golf Association,True Blue Golf Club Challenge,2026-05-01,2026-05-31,118,17,172,full-page OCR | full-page OCR | full-page OCR
Completed,18,8,Montana State Golf Association,2026 GHIN Challenge @ Glacier View Golf..,2026-07-01,2026-07-31,20,4,56,full-page OCR | full-page OCR | full-page OCR
Completed,18,9,Southern California Golf Association,SCGA Summer Challenge '26,2026-06-01,2026-08-14,216,41,450,full-page OCR | full-page OCR | full-page OCR
Completed,18,10,Montana State Golf Association,2026 GHIN Challenge @ Headwaters Golf...,2026-05-01,2026-05-31,13,5,29,full-page OCR | full-page OCR | full-page OCR
Active,18,11,Idaho Golf Association,South/Middle Challenge,2026-07-01,2026-08-31,2,0,2,full-page OCR | prior-value confirmation | full-page OCR
Completed,18,12,Southern California Golf Association,SCGA Summer Challenge '26,2026-06-01,2026-08-14,253,70,556,full-page OCR | full-page OCR | full-page OCR
Active,18,13,Idaho Golf Association,Challenge Course Challenge,2026-07-01,2026-08-31,0,0,0,visual zero | visual review | visual zero
Completed,18,14,Idaho Golf Association,Bronze Buffalo Ranch at Teton Springs Chal...,2026-06-01,2026-06-30,43,16,106,full-page OCR | full-page OCR | full-page OCR
Completed,18,15,Idaho Golf Association,White Clouds Challenge,2026-06-01,2026-06-30,3,0,2,full-page OCR | prior-value confirmation | full-page OCR
Completed,18,16,Carolinas Golf Association,Bryan Park - Players Course Challenge,2026-06-01,2026-06-30,99,13,148,full-page OCR | full-page OCR | full-page OCR
Active,18,17,Idaho Golf Association,Terrace Lakes Golf Course Challenge,2026-07-01,2026-08-31,33,18,123,full-page OCR | full-page OCR | full-page OCR
Active,18,18,Montana State Golf Association,GHIN Challenge @ Black Bull Challe...,2026-08-01,2026-08-31,64,28,182,full-page OCR | full-page OCR | full-page OCR
Active,18,19,Idaho Golf Association,Clear Lake Country_Club Challenge,2026-07-01,2026-08-31,64,45,488,full-page OCR | full-page OCR | full-page OCR
Completed,18,20,Rochester District Golf Association,2026 RDGA Shadow Lake Golf Club Challe...,2026-06-01,2026-08-15,73,19,150,full-page OCR | full-page OCR | full-page OCR
Active,18,21,Idaho Golf Association,River Birch Golf Course Challenge,2026-07-01,2026-08-31,76,31,308,full-page OCR | full-page OCR | full-page OCR
Completed,18,22,Ohio Golf Association,Airport Golf Course Challenge,2026-05-20,2026-06-10,24,5,31,full-page OCR | full-page OCR | full-page OCR
Completed,18,23,Montana State Golf Association,2026 GHIN Challenge @ Deer Park Golf Co...,2026-05-01,2026-05-31,9,7,47,full-page OCR | full-page OCR | full-page OCR
Active,18,24,Idaho Golf Association,Cascade Golf Course Challenge,2026-07-01,2026-08-31,8,2,20,full-page OCR | full-page OCR | full-page OCR
Completed,18,25,Louisiana Golf Association,City Park - South Course Challenge,2026-05-15,2026-06-15,90,31,210,full-page OCR | full-page OCR | full-page OCR
Completed,19,1,Montana State Golf Association,2026 GHIN Challenge @ Old Baldy Golf Co...,2026-05-01,2026-05-31,17,10,68,full-page OCR | full-page OCR | full-page OCR
Completed,19,2,Southern California Golf Association,SCGA Summer Challenge '26,2026-06-01,2026-08-14,318,87,787,full-page OCR | full-page OCR | full-page OCR
Active,19,3,Carolinas Golf Association,Lake Marion GC Challenge,2026-08-01,2026-08-31,48,3,58,full-page OCR | full-page OCR | full-page OCR
Active,19,4,Idaho Golf Association,Hillcrest Country Club Challenge,2026-07-01,2026-08-31,123,84,737,full-page OCR | full-page OCR | full-page OCR
Active,19,5,Texas Golf Association,Cross Timbers Golf Course 2026 Summer...,2026-06-01,2026-08-29,87,40,429,full-page OCR | full-page OCR | full-page OCR
Completed,19,6,Idaho Golf Association,Highland Golf Course Challenge,2026-06-01,2026-06-30,46,14,110,full-page OCR | full-page OCR | full-page OCR
Completed,19,7,Idaho Golf Association,Terrace Lakes Golf Course Challenge,2026-06-01,2026-06-30,43,22,115,full-page OCR | full-page OCR | full-page OCR
Active,19,8,GAP,GAP Challenege at Ed Oliver G C,2026-08-14,2026-09-28,19,7,44,full-page OCR | full-page OCR | full-page OCR
Active,19,9,Idaho Golf Association,Hazard Creek Golf Course Challenge,2026-07-01,2026-08-31,2,1,7,full-page OCR | full-page OCR | full-page OCR
Active,19,10,Montana State Golf Association,2026 GHIN Challenge @ Hilands Golf Club...,2026-08-01,2026-08-31,107,57,382,full-page OCR | full-page OCR | full-page OCR
Active,19,11,Virginia State Golf Association,Birkdale Golf Club Challenge,2026-08-01,2026-08-31,49,25,170,full-page OCR | full-page OCR | full-page OCR
Active,19,12,Idaho Golf Association,Shadow Valley Golf Course Challenge,2026-07-01,2026-08-31,64,23,191,full-page OCR | full-page OCR | full-page OCR
Active,19,13,Virginia State Golf Association,Westfields Golf Club Challenge,2026-08-01,2026-08-31,66,20,167,full-page OCR | full-page OCR | full-page OCR
Active,19,14,Idaho Golf Association,Pleasant Valley Golf Course Challenge,2026-07-01,2026-08-31,0,0,0,visual zero | prior-value confirmation | visual zero
Completed,19,15,Southern California Golf Association,SCGA Summer Challenge '26,2026-06-01,2026-08-14,151,57,422,full-page OCR | full-page OCR | full-page OCR
Active,19,16,Idaho Golf Association,Boise Ranch Golf Course Challenge,2026-07-01,2026-08-31,78,45,346,full-page OCR | full-page OCR | full-page OCR
Completed,19,17,Greater Cincinnati Golf Association,Avon Fields Golf Course Challenge,2026-05-01,2026-07-31,16,2,23,full-page OCR | full-page OCR | full-page OCR
Completed,19,18,Greater Cincinnati Golf Association,Beckett Ridge Country Club Challenge,2026-05-01,2026-07-31,34,10,152,full-page OCR | full-page OCR | full-page OCR
Completed,19,19,Greater Cincinnati Golf Association,Hueston Woods Golf Course Challenge,2026-05-01,2026-07-31,15,3,23,full-page OCR | full-page OCR | full-page OCR
Completed,19,20,Texas Golf Association,Casa Blanca Golf Course 2026 Summer,2026-06-01,2026-07-31,6,0,8,full-page OCR | visual review | full-page OCR
Completed,19,21,Southern California Golf Association,SCGA Summer Challenge '26,2026-06-01,2026-08-14,165,54,379,full-page OCR | full-page OCR | full-page OCR
Completed,19,22,Idaho Golf Association,Preston Country Club Challenge,2026-06-01,2026-06-30,23,7,55,full-page OCR | full-page OCR | full-page OCR
Completed,19,23,Montana State Golf Association,2026 GHIN Challenge @ Old Works Golf C...,2026-06-01,2026-06-30,74,25,244,full-page OCR | full-page OCR | full-page OCR
Completed,19,24,Idaho Golf Association,Eagle Hills Golf Course Challenge,2026-06-01,2026-06-30,44,11,73,full-page OCR | full-page OCR | full-page OCR
Completed,19,25,Alabama Golf Association,Gunter's Landing Challenge,2026-03-03,2026-05-31,41,19,224,full-page OCR | full-page OCR | full-page OCR
Completed,20,1,Idaho Golf Association,Whitetail Golf Club Challenge,2026-06-01,2026-06-30,25,9,72,full-page OCR | full-page OCR | full-page OCR
Completed,20,2,Southern California Golf Association,SCGA Summer Challenge '26,2026-06-01,2026-08-14,219,46,453,full-page OCR | full-page OCR | full-page OCR
Completed,20,3,Central Links Golf,Buffalo Dunes Golf Course Challenge,2026-04-09,2026-05-23,22,12,72,full-page OCR | full-page OCR | full-page OCR
Completed,20,4,Utah Golf Association,Bonneville GC Challenge,2026-05-11,2026-05-22,47,0,46,full-page OCR | prior-value confirmation | full-page OCR
Completed,20,5,Florida State Golf Association,Sebring Golf Club Challenge,2026-05-15,2026-06-14,7,4,43,full-page OCR | full-page OCR | full-page OCR
Completed,20,6,Ohio Golf Association,Raymond Memorial Golf Course Challenge,2026-05-20,2026-06-10,28,3,41,full-page OCR | full-page OCR | full-page OCR
Completed,20,7,Greater Cincinnati Golf Association,Armco Park Golf Course Warren County,2026-05-01,2026-07-31,8,4,23,full-page OCR | full-page OCR | full-page OCR
Completed,20,8,Montana State Golf Association,2026 GHIN Challenge @ Scobey Golf Club...,2026-06-01,2026-06-30,5,2,12,full-page OCR | row OCR | full-page OCR
Completed,20,9,Idaho Golf Association,Montpelier Golf Course Challenge,2026-06-01,2026-06-30,1,1,6,full-page OCR | full-page OCR | full-page OCR
Completed,20,10,Montana State Golf Association,2026 GHIN Challenge @ Canyon River Golf...,2026-05-01,2026-05-31,63,25,186,full-page OCR | full-page OCR | full-page OCR
Completed,20,11,Montana State Golf Association,2026 GHIN Challenge @ Linda Vista Golf...,2026-05-01,2026-05-31,4,2,6,full-page OCR | full-page OCR | full-page OCR
Completed,20,12,Idaho Golf Association,Sand Creek Golf Course Challenge,2026-06-01,2026-06-30,49,21,141,full-page OCR | full-page OCR | full-page OCR
Upcoming,20,13,New Jersey Golf,EAST Challenge,2026-09-04,2026-10-12,26,0,0,full-page OCR | full-page OCR | visual zero
Completed,20,14,Montana State Golf Association,2026 GHIN Challenge @ Prairie Farms Gol...,2026-06-01,2026-06-30,10,2,12,full-page OCR | full-page OCR | full-page OCR
Completed,20,15,Southern California Golf Association,SCGA Summer Challenge '26,2026-06-01,2026-08-14,181,47,397,full-page OCR | full-page OCR | full-page OCR
Completed,20,16,Alabama Golf Association,One Club Challenge,2026-06-01,2026-08-01,2,0,2,full-page OCR | visual review | full-page OCR
Completed,20,17,Montana State Golf Association,2026 GHIN Challenge @ Plentywood Golf..,2026-07-01,2026-07-31,13,8,42,full-page OCR | full-page OCR | full-page OCR
Completed,20,18,Ohio Golf Association,July Cumberland Trail Golf Course Challenge,2026-07-01,2026-07-31,57,21,158,full-page OCR | full-page OCR | full-page OCR
Completed,20,19,Alabama Golf Association,Vestavia Country Club Challenge,2026-06-01,2026-08-01,134,81,626,full-page OCR | full-page OCR | full-page OCR
Completed,20,20,Greater Cincinnati Golf Association,Legendary Run Golf Course Challenge,2026-05-01,2026-07-31,61,26,263,full-page OCR | full-page OCR | full-page OCR
Completed,20,21,Montana State Golf Association,2026 GHIN Challenge @ Big Sky Golf Cour...,2026-05-01,2026-05-31,17,7,45,full-page OCR | full-page OCR | full-page OCR
Completed,20,22,Greater Cincinnati Golf Association,Lakeside/Meadows Challenge,2026-05-01,2026-07-31,16,2,24,full-page OCR | full-page OCR | full-page OCR
Completed,20,23,GAP,GAP GHIN Challenge at Green Pond Countr...,2026-04-01,2026-05-17,36,11,77,full-page OCR | full-page OCR | full-page OCR
Completed,20,24,GAP,GAP GHIN Challenge at Five Ponds Golf Club,2026-04-01,2026-05-17,120,34,275,full-page OCR | full-page OCR | full-page OCR
Completed,20,25,Idaho Golf Association,Elk Valley Resort Challenge,2026-06-01,2026-06-30,3,1,7,full-page OCR | full-page OCR | full-page OCR
Completed,21,1,Idaho Golf Association,Middle/North Challenge,2026-06-01,2026-06-30,4,1,9,full-page OCR | prior-value confirmation | full-page OCR
Completed,21,2,Idaho Golf Association,Meadow Creek Golf Resort Challenge,2026-06-01,2026-06-30,24,8,54,full-page OCR | full-page OCR | full-page OCR
Completed,21,3,Montana State Golf Association,2026 GHIN Challenge @ Yellowstone Coun...,2026-06-01,2026-06-30,63,29,180,full-page OCR | full-page OCR | full-page OCR
Completed,21,4,Montana State Golf Association,2026 GHIN Challenge @ Butte Country Cl...,2026-06-01,2026-06-30,78,39,263,full-page OCR | full-page OCR | full-page OCR
Completed,21,5,Greater Cincinnati Golf Association,Hickory Woods Golf Course Challenge,2026-05-01,2026-07-31,100,50,466,full-page OCR | full-page OCR | full-page OCR
Active,21,6,Indiana Golf Association,Autumn Ridge Golf Club Challenge,2026-05-02,2026-08-31,36,16,238,full-page OCR | full-page OCR | full-page OCR
Active,21,7,Southern California Golf Association,SCGA Fall Classic '26 - Navy.,2026-08-17,2026-10-31,60,2,61,full-page OCR | full-page OCR | full-page OCR
Active,21,8,Idaho Golf Association,Wee Nine Challenge,2026-07-01,2026-08-31,3,2,10,full-page OCR | full-page OCR | full-page OCR
Completed,21,9,Greater Cincinnati Golf Association,Sugar Ridge Golf Club Challenge,2026-05-01,2026-07-31,25,7,49,full-page OCR | full-page OCR | full-page OCR
Completed,21,10,Southern California Golf Association,SCGA Summer Challenge '26,2026-06-01,2026-08-14,163,64,534,full-page OCR | full-page OCR | full-page OCR
Active,21,11,Idaho Golf Association,The Links at Teton Peaks Challenge,2026-07-01,2026-08-31,43,21,163,full-page OCR | full-page OCR | full-page OCR
Active,21,12,Idaho Golf Association,Blackfoot Golf Course Challenge,2026-07-01,2026-08-31,36,26,209,full-page OCR | full-page OCR | full-page OCR
Completed,21,13,Montana State Golf Association,2026 GHIN Challenge @ Eagle Falls Golf Cl...,2026-06-01,2026-06-30,32,14,102,full-page OCR | full-page OCR | full-page OCR
Completed,21,14,Idaho Golf Association,Jefferson Hills Golf Course Challenge,2026-06-01,2026-06-30,56,30,187,full-page OCR | full-page OCR | full-page OCR
Active,21,15,Idaho Golf Association,Tributary Golf Club Challenge,2026-07-01,2026-08-31,40,21,166,full-page OCR | full-page OCR | full-page OCR
Completed,21,16,Idaho Golf Association,Twin Falls Golf Club Challenge,2026-06-01,2026-06-30,71,31,256,full-page OCR | full-page OCR | full-page OCR
Completed,21,17,Oklahoma Golf Association,Battle at Forest Ridge,2026-04-01,2026-05-31,79,59,662,full-page OCR | full-page OCR | full-page OCR
Completed,21,18,Montana State Golf Association,2026 GHIN Challenge @ Eaglerock Golf Co...,2026-06-01,2026-06-30,23,6,45,full-page OCR | full-page OCR | full-page OCR
Active,21,19,Minnesota Golf Association,Hiawatha Golf Club Challenge,2026-08-07,2026-10-01,28,4,46,full-page OCR | full-page OCR | full-page OCR
Completed,21,20,Alabama Golf Association,Enterprise Country Club Challenge,2026-05-01,2026-06-30,34,26,286,full-page OCR | full-page OCR | full-page OCR
Active,21,21,Washington Golf,The Home Course Challenge,2026-06-01,2026-08-31,601,127,1444,full-page OCR | full-page OCR | full-page OCR
Active,21,22,Carolinas Golf Association,Red Bridge G&CC Challenge,2026-08-01,2026-08-31,60,8,105,full-page OCR | full-page OCR | full-page OCR
Active,21,23,Idaho Golf Association,Emmett City Golf Course Challenge,2026-07-01,2026-08-31,10,7,78,full-page OCR | full-page OCR | full-page OCR
Completed,21,24,Texas Golf Association,Bearkat Course 2026 Summer Challenge,2026-05-22,2026-08-19,40,25,358,full-page OCR | full-page OCR | full-page OCR
Active,21,25,Montana State Golf Association,2026 GHIN Challenge @ Bridger Creek Gol...,2026-08-01,2026-08-31,26,9,62,full-page OCR | full-page OCR | full-page OCR
Completed,22,1,Central Links Golf,Mariah Hills Golf Course Challenge,2026-04-09,2026-05-23,11,5,48,full-page OCR | full-page OCR | full-page OCR
Completed,22,2,Alabama Golf Association,Terrapin Hills Country Club Challenge,2026-06-01,2026-08-01,10,9,49,full-page OCR | full-page OCR | full-page OCR
Completed,22,3,Idaho Golf Association,South/West 2023 Challenge,2026-06-01,2026-06-30,6,1,9,full-page OCR | full-page OCR | full-page OCR
Completed,22,4,Alabama Golf Association,The Pines of Millbrook Challenge,2026-04-01,2026-05-31,8,3,29,full-page OCR | full-page OCR | full-page OCR
Active,22,5,Virginia State Golf Association,Blue Hills Golf Club Challenge,2026-08-01,2026-08-31,53,25,167,full-page OCR | full-page OCR | full-page OCR
Active,22,6,Montana State Golf Association,2026.GHIN Challanga @ Yellowstone Club... Montana,2026-08-01,2026-08-31,45,9,88,full-page OCR | full-page OCR | full-page OCR
Active,22,7,Southern California Golf Association,SCGA Fall Classic '26 - Simi Hills,2026-08-17,2026-10-31,49,1,50,full-page OCR | full-page OCR | full-page OCR
Completed,22,8,Montana State Golf Association,2026 GHIN Challenge @ Canyon River Golf...,2026-07-01,2026-07-31,66,46,293,full-page OCR | full-page OCR | full-page OCR
Active,22,9,Southern California Golf Association,SCGA Fall Classic '26 - Encinitas Ranch,2026-08-17,2026-10-31,66,0,59,full-page OCR | full-page OCR | full-page OCR
Completed,22,10,GAP,GAP GHIN Challenge at Jeffersonville Golf...,2026-04-01,2026-05-17,195,34,373,full-page OCR | full-page OCR | full-page OCR
Active,22,11,Idaho Golf Association,Riverside Golf Course Challenge,2026-07-01,2026-08-31,53,35,276,full-page OCR | full-page OCR | full-page OCR
Completed,22,12,Louisiana Golf Association,Links on the Bayou Challenge # 2,2026-05-15,2026-06-15,11,3,20,full-page OCR | full-page OCR | full-page OCR
Completed,22,13,Greater Cincinnati Golf Association,Snow Hill Country Club Challenge,2026-05-01,2026-07-31,40,16,198,full-page OCR | full-page OCR | full-page OCR
Completed,22,14,Southern California Golf Association,SCGA Summer Challenge '26,2026-06-01,2026-08-14,173,68,603,full-page OCR | full-page OCR | full-page OCR
Active,22,15,Idaho Golf Association,Desert Canyon Golf Course Challenge,2026-07-01,2026-08-31,28,15,161,full-page OCR | full-page OCR | full-page OCR
Completed,22,16,Oklahoma Golf Association,Battle Creek Challenge,2026-06-01,2026-07-31,92,49,582,full-page OCR | full-page OCR | full-page OCR
Active,22,17,Indiana Golf Association,Ackerman-Allen Course Challenge,2026-05-02,2026-08-31,83,21,204,full-page OCR | full-page OCR | full-page OCR
Completed,22,18,Greater Cincinnati Golf Association,Oxford Country Club Challenge,2026-05-01,2026-07-31,16,11,77,full-page OCR | full-page OCR | full-page OCR
Completed,22,19,Montana State Golf Association,2026 GHIN Challenge @ Choteau Country ...,2026-07-01,2026-07-31,85,43,312,full-page OCR | full-page OCR | full-page OCR
Completed,22,20,Golf Association of Michigan,EAGLE EYE GC Challenge,2026-06-01,2026-07-31,103,23,229,full-page OCR | full-page OCR | full-page OCR
Completed,22,21,Idaho Golf Association,Oregon Trail Country Club Challenge,2026-06-01,2026-06-30,15,8,48,full-page OCR | full-page OCR | full-page OCR
Completed,22,22,Alabama Golf Association,Big Spring Lake Country Club Challenge,2026-05-01,2026-06-30,6,4,60,full-page OCR | full-page OCR | full-page OCR
Completed,22,23,Idaho Golf Association,North/West 2023 Challenge,2026-06-01,2026-06-30,4,0,5,full-page OCR | prior-value confirmation | full-page OCR
Upcoming,22,24,New Jersey Golf,Hominy Hill Golf Course Challenge,2026-09-04,2026-10-12,97,0,0,full-page OCR | visual zero | visual zero
Active,22,25,Montana State Golf Association,2026 GHIN Challenge @ Marias Valley Gol..,2026-08-01,2026-08-31,28,13,81,full-page OCR | full-page OCR | full-page OCR
Completed,23,1,Texas Golf Association,Quicksand Golf Course 2026 Summer Chal...,2026-06-03,2026-08-16,30,21,182,full-page OCR | full-page OCR | full-page OCR
Active,23,2,Idaho Golf Association,Gooding Country Club Challenge,2026-07-01,2026-08-31,7,4,36,full-page OCR | full-page OCR | full-page OCR
Completed,23,3,Alabama Golf Association,Pikeville Country_Club Challenge,2026-06-01,2026-08-01,3,1,8,full-page OCR | full-page OCR | full-page OCR
Completed,23,4,Iowa Golf Association,2026 Summer Showdown - Prairie Links,2026-06-15,2026-07-15,66,33,254,full-page OCR | full-page OCR | full-page OCR
Completed,23,5,Florida State Golf Association,Arlington Ridge Golf Club Challenge,2026-05-15,2026-06-14,50,33,352,full-page OCR | full-page OCR | full-page OCR
Active,23,6,Mass Golf,SWANSEA COUNTRY CLUB Challenge,2026-08-15,2026-09-30,34,1,40,full-page OCR | full-page OCR | full-page OCR
Completed,23,7,GAP,GAP GHIN Challenge at Allentown Municipal,2026-05-18,2026-06-29,117,51,318,full-page OCR | full-page OCR | full-page OCR
Completed,23,8,Nebraska Golf Association,Jackrabbit Run Golf Course Challenge,2026-05-04,2026-05-31,14,4,25,full-page OCR | full-page OCR | full-page OCR
Completed,23,9,Southern California Golf Association,SCGA Summer Challenge '26,2026-06-01,2026-08-14,186,56,492,full-page OCR | full-page OCR | full-page OCR
Active,23,10,Georgia State Golf Association,GSGA GHIN Challenge,2026-05-04,2026-08-31,70,48,560,full-page OCR | full-page OCR | full-page OCR
Active,23,11,Idaho Golf Association,Country View Golf Course Challenge,2026-07-01,2026-08-31,10,7,50,full-page OCR | full-page OCR | full-page OCR
Upcoming,23,12,New Jersey Golf,WEST Challenge,2026-09-04,2026-10-12,23,0,0,full-page OCR | visual zero | visual zero
Completed,23,13,Colorado Golf Association,CommonGround Golf Course Challenge,2026-06-03,2026-07-15,277,85,728,full-page OCR | full-page OCR | full-page OCR
Active,23,14,Oklahoma Golf Association,‘Stone Creek Open,2026-08-01,2026-09-30,87,14,106,full-page OCR | full-page OCR | full-page OCR
Active,23,15,Carolinas Golf Association,Wildwood Green GC Challenge,2026-08-01,2026-08-31,167,93,597,full-page OCR | full-page OCR | full-page OCR
Completed,23,16,Southern California Golf Association,SCGA Summer Challenge '26,2026-06-01,2026-08-14,83,43,411,full-page OCR | full-page OCR | full-page OCR
Completed,23,17,Idaho Golf Association,Targhee Village Golf Course Challenge,2026-06-01,2026-06-30,2,0,3,full-page OCR | row OCR | full-page OCR
Active,23,18,Montana State Golf Association,2026 GHIN Challenge @ Lake Hills Golf Cl...,2026-08-01,2026-08-31,43,4,58,full-page OCR | full-page OCR | full-page OCR
Active,23,19,Idaho Golf Association,Fairview Golf Course Challenge,2026-07-01,2026-08-31,7,7,40,full-page OCR | full-page OCR | full-page OCR
Completed,23,20,Ohio Golf Association,Safari GC Challenge,2026-05-20,2026-06-10,23,0,22,full-page OCR | row OCR | full-page OCR
Completed,23,21,Greater Cincinnati Golf Association,Buckeye Hills Country Club Challenge,2026-05-01,2026-07-31,29,18,403,full-page OCR | full-page OCR | full-page OCR
Completed,23,22,Greater Cincinnati Golf Association,Grizzly Course Challenge,2026-05-01,2026-07-31,114,58,819,full-page OCR | full-page OCR | full-page OCR
Completed,23,23,Carolinas Golf Association,Bayonet Golf Club Challenge,2026-05-01,2026-05-31,40,9,78,full-page OCR | full-page OCR | full-page OCR
Completed,23,24,Greater Cincinnati Golf Association,East/West Challenge,2026-05-01,2026-07-31,19,2,25,full-page OCR | full-page OCR | full-page OCR
Active,23,25,Southern California Golf Association,SCGA Fall Classic '26 - Skylinks,2026-08-17,2026-10-31,87,1,77,full-page OCR | full-page OCR | full-page OCR
Completed,24,1,Florida State Golf Association,MetroWest Golf Club Challenge,2026-05-15,2026-06-14,18,2,19,full-page OCR | full-page OCR | full-page OCR
Active,24,2,Southern California Golf Association,SCGA Fall Classic '26 - Olivas Links,2026-08-17,2026-10-31,39,1,35,full-page OCR | full-page OCR | full-page OCR
Completed,24,3,GAP,GAP GHIN Challenge at Reading CC,2026-07-01,2026-08-12,50,25,222,full-page OCR | full-page OCR | full-page OCR
Completed,24,4,Montana State Golf Association,2026 GHIN Challenge @ Butte Country Cl...,2026-05-01,2026-05-31,48,27,201,full-page OCR | full-page OCR | full-page OCR
Active,24,5,Idaho Golf Association,Trail Creek Challenge,2026-07-01,2026-08-31,59,30,360,full-page OCR | full-page OCR | full-page OCR
Active,24,6,Montana State Golf Association,GHIN Challenge @ Northern Pinas... MontanaStateGolfAssaciation,2026-08-01,2026-08-31,67,25,182,full-page OCR | full-page OCR | full-page OCR
Active,24,7,Southern California Golf Association,SCGA Fall Classic '26 - Twin Oaks,2026-08-17,2026-10-31,40,1,31,full-page OCR | full-page OCR | full-page OCR
Active,24,8,Southern California Golf Association,SCGA Fall Classic '26 - Los Verdes,2026-08-17,2026-10-31,55,5,63,full-page OCR | full-page OCR | full-page OCR
Active,24,9,Texas Golf Association,Canyon Springs Golf Club 2026 Summer...,2026-06-01,2026-08-29,124,67,656,full-page OCR | full-page OCR | full-page OCR
Completed,24,10,Texas Golf Association,Crystal Falls Golf Club 2026 Summer Chal...,2026-05-22,2026-08-19,89,34,364,full-page OCR | full-page OCR | full-page OCR
Completed,24,11,Louisiana Golf Association,Beaver Creek GC Challenge #2,2026-05-15,2026-06-15,63,25,166,full-page OCR | full-page OCR | full-page OCR
Completed,24,12,Southern California Golf Association,SCGA Summer Challenge '26,2026-06-01,2026-08-14,152,38,373,full-page OCR | full-page OCR | full-page OCR
Completed,24,13,Texas Golf Association,Battleground at Deor Park Golf Club 2026...,2026-06-01,2026-07-31,27,7,57,full-page OCR | full-page OCR | full-page OCR
Active,24,14,Idaho Golf Association,Fremont County Golf Course Challenge,2026-07-01,2026-08-31,9,6,62,full-page OCR | full-page OCR | full-page OCR
Active,24,15,Iowa Golf Association,2026 IGA GHIN Throwdown - TCI,2026-08-15,2026-09-15,19,2,19,full-page OCR | full-page OCR | full-page OCR
Completed,24,16,Florida State Golf Association,Costa Del Sol Golf Club Challenge,2026-05-15,2026-06-14,27,11,83,full-page OCR | full-page OCR | full-page OCR
Completed,24,17,Ohio Golf Association,Cumberland Trail Golf Course Challenge,2026-05-20,2026-06-10,54,16,114,full-page OCR | full-page OCR | full-page OCR
Completed,24,18,Carolinas Golf Association,Lake Winds GC Challenge,2026-06-01,2026-06-30,63,32,220,full-page OCR | full-page OCR | full-page OCR
Active,24,19,Colorado Golf Association,CommonGround Golf Course Challenge,2026-07-20,2026-08-31,241,60,496,full-page OCR | full-page OCR | full-page OCR
Completed,24,20,Idaho Golf Association,North/South Challenge,2026-06-01,2026-06-30,20,3,25,full-page OCR | full-page OCR | full-page OCR
Active,24,21,GAP,GAP Challenge at Olde Homestead Golf Club,2026-08-14,2026-09-28,42,7,60,full-page OCR | full-page OCR | full-page OCR
Completed,24,22,Montana State Golf Association,2026 GHIN Challenge @ Trestle Creek Golf...,2026-05-01,2026-05-31,6,3,11,full-page OCR | full-page OCR | full-page OCR
Active,24,23,Montana State Golf Association,Pioneer Challenge,2026-08-01,2026-08-31,29,16,158,full-page OCR | full-page OCR | full-page OCR
Completed,24,24,Ohio Golf Association,The Golf Club of Dublin Challenge,2026-05-20,2026-06-10,47,8,76,full-page OCR | full-page OCR | full-page OCR
Active,24,25,Idaho Golf Association,Bronze Buffalo Ranch at Teton Springs Cha...,2026-07-01,2026-08-31,49,32,236,full-page OCR | full-page OCR | full-page OCR
Active,25,1,Texas Golf Association,Max Starcke Park Golf Course 2026 Summ...,2026-06-01,2026-08-29,69,25,220,full-page OCR | full-page OCR | full-page OCR
Completed,25,2,Rochester District Golf Association,2026 RDGA Sycamore Golf Club Challenge,2026-06-01,2026-08-15,113,41,500,full-page OCR | full-page OCR | full-page OCR
Active,25,3,Southern California Golf Association,‘SCGA Fall Classic '26-TheGolfClubat Aa...,2026-08-17,2026-10-31,35,1,32,full-page OCR | full-page OCR | full-page OCR
Active,25,4,Idaho Golf Association,North/West Challenge,2026-07-01,2026-08-31,13,6,34,full-page OCR | full-page OCR | full-page OCR
Completed,25,5,Ohio Golf Association,Chapel Hill Golf Course Challenge,2026-05-20,2026-06-10,13,2,14,full-page OCR | prior-value confirmation | full-page OCR
Completed,25,6,Mass Golf,1929 CLUB ONLY - George Wright Golf Co...,2026-07-01,2026-08-15,57,4,45,full-page OCR | full-page OCR | full-page OCR
Completed,25,7,Ohio Golf Association,Denison Golf Club Challenge,2026-05-20,2026-06-10,40,19,114,full-page OCR | full-page OCR | full-page OCR
Active,25,8,Indiana Golf Association,The Warren Golf Course at Notre Dame Ch...,2026-05-02,2026-08-31,78,19,221,full-page OCR | full-page OCR | full-page OCR
Completed,25,9,Southern California Golf Association,SCGA Summer Challenge '26,2026-06-01,2026-08-14,358,58,657,full-page OCR | full-page OCR | full-page OCR
Completed,25,10,Idaho Golf Association,Desert Canyon Golf Course Challenge,2026-06-01,2026-06-30,26,18,97,full-page OCR | full-page OCR | full-page OCR
Completed,25,11,Montana State Golf Association,2026 GHIN Challenge @ Forsyth Country ...,2026-06-01,2026-06-30,21,8,46,full-page OCR | prior-value confirmation | full-page OCR
Completed,25,12,Southern California Golf Association,SCGA Summer Challenge '26,2026-06-01,2026-08-14,299,64,572,full-page OCR | full-page OCR | full-page OCR
Active,25,13,Mass Golf,NEWTON COMMONWEALTH GC Challenge,2026-08-15,2026-09-30,58,7,76,full-page OCR | full-page OCR | full-page OCR
Completed,25,14,Louisiana Golf Association,Wetlands Challenge #2,2026-05-15,2026-06-15,24,9,83,full-page OCR | full-page OCR | full-page OCR
Active,25,15,Southern California Golf Association,‘SCGA Fall Classic '26 - TrllogyGolfClub at...,2026-08-17,2026-10-31,22,0,24,full-page OCR | visual review | full-page OCR
Active,25,16,Texas Golf Association,Lady Bird Johnson Golf Course 2026 Sum...,2026-06-02,2026-08-30,78,32,457,full-page OCR | full-page OCR | full-page OCR
Active,25,17,Mass Golf,MILL VALLEY GOLF LINKS Challenge,2026-08-15,2026-09-30,26,7,50,full-page OCR | full-page OCR | full-page OCR
Active,25,18,Southern California Golf Association,SCGA Fall Classic '26 - Los Robles Greens,2026-08-17,2026-10-31,52,4,54,full-page OCR | full-page OCR | full-page OCR
Completed,25,19,Greater Cincinnati Golf Association,Twin Run Golf Course Challenge,2026-05-01,2026-07-31,17,7,124,full-page OCR | full-page OCR | full-page OCR
Active,25,20,Idaho Golf Association,Bigwood Golf Course Challenge,2026-07-01,2026-08-31,14,9,49,full-page OCR | full-page OCR | full-page OCR
Completed,25,21,Idaho Golf Association,River Birch Golf Course Challenge,2026-06-01,2026-06-30,96,27,214,full-page OCR | full-page OCR | full-page OCR
Upcoming,25,22,Carolinas Golf Association,The Walker Course Challenge,2026-09-01,2026-10-15,53,0,0,full-page OCR | visual zero | visual zero
Active,25,23,Idaho Golf Association,Scotch Pines Golf Course Challenge,2026-07-01,2026-08-31,52,29,262,full-page OCR | full-page OCR | full-page OCR
Active,25,24,Southern California Golf Association,SCGA Fall Classic '26 - Coronado,2026-08-17,2026-10-31,59,6,79,full-page OCR | full-page OCR | full-page OCR
Completed,25,25,Montana State Golf Association,2026 GHIN Challenge @ Meadow Lark Cou...,2026-05-01,2026-05-31,74,42,266,full-page OCR | full-page OCR | full-page OCR
Completed,26,1,Alabama Golf Association,Cypress Lakes Challenge,2026-06-01,2026-08-01,21,10,73,full-page OCR | full-page OCR | full-page OCR
Completed,26,2,Texas Golf Association,Fort Worth Golf Assoc-Meadowbrook Cour...,2026-05-22,2026-08-19,165,44,503,full-page OCR | full-page OCR | full-page OCR
Completed,26,3,Ohio Golf Association,Delaware Golf Club Challenge,2026-05-20,2026-06-10,39,10,78,full-page OCR | full-page OCR | full-page OCR
Upcoming,26,4,New Jersey Golf,Heron Glen Golf Course Challenge,2026-09-04,2026-10-12,47,0,0,full-page OCR | visual zero | visual zero
Active,26,5,Mass Golf,SOUTH SHORE COUNTRY CLUB Challenge,2026-07-15,2026-08-31,176,57,509,full-page OCR | full-page OCR | full-page OCR
Active,26,6,Southern California Golf Association,SCGA Fall Classic '26 - Costa Mesa,2026-08-17,2026-10-31,59,3,48,full-page OCR | full-page OCR | full-page OCR
Completed,26,7,Idaho Golf Association,Hazard Creek Golf Course Challenge,2026-06-01,2026-06-30,2,0,3,full-page OCR | prior-value confirmation | full-page OCR
Completed,26,8,Idaho Golf Association,The Club at SpurWing Primary Challenge,2026-06-01,2026-06-30,92,65,406,full-page OCR | full-page OCR | full-page OCR
Active,26,9,Southern California Golf Association,SCGA Fall Classic '26 - San Clemente,2026-08-17,2026-10-31,72,4,87,full-page OCR | full-page OCR | full-page OCR
Active,26,10,Southern California Golf Association,SCGA fall Classic '26 - Mile Square,2026-08-17,2026-10-31,52,2,58,full-page OCR | full-page OCR | full-page OCR
Completed,26,11,Montana State Golf Association,2026 GHIN Challenge @ The Reserve at M...,2026-06-01,2026-06-30,29,12,83,full-page OCR | full-page OCR | full-page OCR
Completed,26,12,Idaho Golf Association,Clear Lake Country Club Challenge,2026-06-01,2026-06-30,62,33,253,full-page OCR | full-page OCR | full-page OCR
Completed,26,13,Idaho Golf Association,Rivers Edge Golf Club at Burley Challenge,2026-06-01,2026-06-30,23,12,91,full-page OCR | full-page OCR | full-page OCR
Completed,26,14,Golf Association of Michigan,ALPENA GOLF CLUB Challenge,2026-07-01,2026-07-31,39,16,104,full-page OCR | full-page OCR | full-page OCR
Completed,26,15,Idaho Golf Association,Warm Springs Golf Course Challenge,2026-06-01,2026-06-30,90,30,224,full-page OCR | full-page OCR | full-page OCR
Completed,26,16,Idaho Golf Association,Salmon Valley Golf Course Challenge,2026-06-01,2026-06-30,8,3,16,full-page OCR | full-page OCR | full-page OCR
Completed,26,17,Greater Cincinnati Golf Association,The Links at Rising Star Challenge,2026-05-01,2026-07-31,19,4,44,full-page OCR | full-page OCR | full-page OCR
Completed,26,18,Greater Cincinnati Golf Association,Red/White Challenge,2026-05-01,2026-07-31,6,1,9,full-page OCR | full-page OCR | full-page OCR
Completed,26,19,Oklahoma Golf Association,Firelake Net Open,2026-06-01,2026-07-31,44,16,148,full-page OCR | full-page OCR | full-page OCR
Active,26,20,Idaho Golf Association,Challis Golf Course Challenge,2026-07-01,2026-08-31,3,0,3,full-page OCR | prior-value confirmation | full-page OCR
Active,26,21,Texas Golf Association,Cleburne Golf Links 2026 Summer Challenge,2026-06-01,2026-08-29,42,22,242,full-page OCR | full-page OCR | full-page OCR
Completed,26,22,Ohio Golf Association,Cumberland Trail Golf Course Challenge,2026-07-01,2026-07-31,40,13,96,full-page OCR | full-page OCR | full-page OCR
Completed,26,23,Virginia State Golf Association,"Shenandoah Valley Golf Club, Old Course C...",2026-06-01,2026-06-30,42,11,97,full-page OCR | full-page OCR | full-page OCR
Completed,26,24,Idaho Golf Association,Falcon Crest Golf Course Temporary Challe...,2026-06-01,2026-06-30,39,9,54,full-page OCR | full-page OCR | full-page OCR
Completed,26,25,Rochester District Golf Association,2026 ROGA The Links at Greystone Challe...,2026-06-01,2026-08-15,146,31,350,full-page OCR | full-page OCR | full-page OCR
Active,27,1,Idaho Golf Association,Idaho Falls Country Club Challenge,2026-07-01,2026-08-31,57,36,240,full-page OCR | full-page OCR | full-page OCR
Active,27,2,Southern California Golf Association,SCGA Fall Classic '26 - Tijeras Creek,2026-08-17,2026-10-31,43,1,40,full-page OCR | full-page OCR | full-page OCR
Active,27,3,Texas Golf Association,Alamo City Golf Trail-Brackenridge Golf Co...,2026-05-28,2026-08-25,157,44,322,full-page OCR | full-page OCR | full-page OCR
Completed,27,4,Carolinas Golf Association,Santee Cooper CC Challenge,2026-07-01,2026-07-31,57,24,145,full-page OCR | full-page OCR | full-page OCR
Completed,27,5,Texas Golf Association,Landa Park Golf Course 2026 Summer Cha...,2026-05-23,2026-08-20,134,85,766,full-page OCR | full-page OCR | full-page OCR
Active,27,6,Idaho Golf Association,Chimney Rock Golf Course Challenge,2026-07-01,2026-08-31,12,5,38,full-page OCR | full-page OCR | full-page OCR
Completed,27,7,Idaho Golf Association,Rupert Country Club Challenge,2026-06-01,2026-06-30,49,27,183,full-page OCR | full-page OCR | full-page OCR
Completed,27,8,Idaho Golf Association,River Bend Golf Course Challenge,2026-06-01,2026-06-30,22,5,29,full-page OCR | full-page OCR | full-page OCR
Completed,27,9,Idaho Golf Association,Blackfoot Golf Course Challenge,2026-06-01,2026-06-30,38,25,171,full-page OCR | full-page OCR | full-page OCR
Completed,27,10,Idaho Golf Association,Challis Golf Course Challenge,2026-06-01,2026-06-30,1,0,0,full-page OCR | visual review | visual zero
Completed,27,11,Idaho Golf Association,Rolling Hills Golf Course Challenge,2026-06-01,2026-06-30,12,6,51,full-page OCR | full-page OCR | full-page OCR
Active,27,12,Idaho Golf Association,Juniper Hills Country Club Challenge,2026-07-01,2026-08-31,17,7,41,full-page OCR | full-page OCR | full-page OCR
Completed,27,13,Greater Cincinnati Golf Association,Brook & Lake Challenge,2026-05-01,2026-07-31,22,2,32,full-page OCR | full-page OCR | full-page OCR
Active,27,14,Idaho Golf Association,Osprey Meadows at Tamarack Challenge,2026-07-01,2026-08-31,32,10,72,full-page OCR | full-page OCR | full-page OCR
Completed,27,15,Montana State Golf Association,2026 GHIN Challenge @Green Meadow...,2026-07-01,2026-07-31,82,51,361,full-page OCR | full-page OCR | full-page OCR
Completed,27,16,Southern California Golf Association,SCGA Summer Challenge '26,2026-06-01,2026-08-14,206,35,431,full-page OCR | full-page OCR | full-page OCR
Completed,27,17,Idaho Golf Association,Ridgecrest Challenge,2026-06-01,2026-06-30,48,13,99,full-page OCR | full-page OCR | full-page OCR
Completed,27,18,Ohio Golf Association,July Delaware Golf Club Challenge,2026-07-01,2026-07-31,54,21,159,full-page OCR | full-page OCR | full-page OCR
Completed,27,19,Montana State Golf Association,2026 GHIN Challenge @ Cottonwood Cou...,2026-07-01,2026-07-31,6,1,14,full-page OCR | full-page OCR | full-page OCR
Completed,27,20,Golf Association of Michigan,CHANDLER PARK GOLF COURSE Challenge,2026-06-01,2026-07-31,69,10,113,full-page OCR | full-page OCR | full-page OCR
Active,27,21,Idaho Golf Association,North/South Challenge,2026-07-01,2026-08-31,27,14,87,full-page OCR | full-page OCR | full-page OCR
Completed,27,22,Golf Association of Michigan,SAWMILL GC Challenge,2026-06-01,2026-07-31,36,18,185,full-page OCR | full-page OCR | full-page OCR
Active,27,23,Southern California Golf Association,SCGA Fall Classic '26 - Diamond Bar,2026-08-17,2026-10-31,34,1,24,full-page OCR | full-page OCR | full-page OCR
Upcoming,27,24,Texas Golf Association,Waterchase Golf Club Fall 2026 Challenge,2026-09-01,2026-11-30,20,0,0,full-page OCR | visual zero | visual zero
Completed,27,25,Montana State Golf Association,MSGA Challenge - Cottonwood Hills GC,2026-06-01,2026-06-30,88,38,279,full-page OCR | full-page OCR | full-page OCR
Completed,28,1,Ohio Golf Association,July Glenross GC Challenge,2026-07-01,2026-07-31,55,15,131,full-page OCR | full-page OCR | full-page OCR
Completed,28,2,Texas Golf Association,Los Lagos Golf Club 2026 Summer Challenge...,2026-06-03,2026-08-01,25,11,113,full-page OCR | full-page OCR | full-page OCR
Completed,28,3,Carolinas Golf Association,Wilmington Muni Challenge,2026-06-01,2026-06-30,144,54,331,full-page OCR | full-page OCR | full-page OCR
Completed,28,4,GAP,GAP GHIN Challenge at Northampton Valle...,2026-05-18,2026-06-29,104,40,290,full-page OCR | full-page OCR | full-page OCR
Completed,28,5,Greater Cincinnati Golf Association,Majestic Springs Golf Course Challenge,2026-05-01,2026-07-31,56,15,115,full-page OCR | full-page OCR | full-page OCR
Completed,28,6,Greater Cincinnati Golf Association,Vineyard Golf Course Challenge,2026-05-01,2026-07-31,85,31,280,full-page OCR | full-page OCR | full-page OCR
Completed,28,7,Alabama Golf Association,Lakes/Cypress Challenge,2026-05-01,2026-06-30,45,19,133,full-page OCR | full-page OCR | full-page OCR
Completed,28,8,Iowa Golf Association,2026 Summer Showdown - Shenandoah,2026-06-15,2026-07-15,20,16,103,full-page OCR | full-page OCR | full-page OCR
Completed,28,9,Southern California Golf Association,SCGA Summer Challenge '26,2026-06-01,2026-08-14,121,19,200,full-page OCR | full-page OCR | full-page OCR
Completed,28,10,Southern California Golf Association,SCGA Summer Challenge '26,2026-06-01,2026-08-14,258,69,654,full-page OCR | full-page OCR | full-page OCR
Completed,28,11,Greater Cincinnati Golf Association,Stillmeadow Country Club Challenge,2026-05-08,2026-07-31,34,26,337,full-page OCR | full-page OCR | full-page OCR
Completed,28,12,Wyoming State / Colorado GA,Olive Glenn Golf & Country Club Challenge,2026-07-01,2026-08-16,66,46,296,full-page OCR | full-page OCR | full-page OCR
Completed,28,13,Greater Cincinnati Golf Association,Hidden Valley Golf Club Challenge,2026-05-01,2026-07-31,37,30,347,full-page OCR | full-page OCR | full-page OCR
Active,28,14,Texas Golf Association,Liberty Municipal Golf Course 2026 Summ... _,2026-06-03,2026-08-31,19,9,61,full-page OCR | full-page OCR | full-page OCR
Completed,28,15,Montana State Golf Association,2026 GHIN Challenge @ Bridger Creek Gol...,2026-07-01,2026-07-31,86,42,241,full-page OCR | full-page OCR | full-page OCR
Completed,28,16,Texas Golf Association,Gus Wortham Park Golf Course 2026 Sum...,2026-05-23,2026-07-31,271,97,692,full-page OCR | full-page OCR | full-page OCR
Active,28,17,Texas Golf Association,Woodland Hills Golf Club 2026 Summer C...,2026-06-01,2026-08-29,23,15,216,full-page OCR | full-page OCR | full-page OCR
Completed,28,18,Idaho Golf Association,Tributary Golf Club Challenge,2026-06-01,2026-06-30,31,9,64,full-page OCR | full-page OCR | full-page OCR
Completed,28,19,Greater Cincinnati Golf Association,Deer Track Golf Course Challenge,2026-05-01,2026-07-31,8,3,29,full-page OCR | full-page OCR | full-page OCR
Active,28,20,Southern California Golf Association,SCGA Fall Classic '26 - Anaheim Hills,2026-08-17,2026-10-31,39,1,39,full-page OCR | full-page OCR | full-page OCR
Active,28,21,Texas Golf Association,Randolph Oaks Golf Course 2026 Summer...,2026-06-03,2026-08-31,69,47,586,full-page OCR | full-page OCR | full-page OCR
Completed,28,22,Louisiana Golf Association,Querbes Park GC Challenge #2,2026-05-15,2026-06-15,31,14,83,full-page OCR | full-page OCR | full-page OCR
Active,28,23,Idaho Golf Association,River Bend Golf Course Challenge,2026-07-01,2026-08-31,23,8,57,full-page OCR | full-page OCR | full-page OCR
Active,28,24,Texas Golf Association,Lago Vista Golf Course 2026 Summer Chal...,2026-06-03,2026-08-31,30,21,196,full-page OCR | full-page OCR | full-page OCR
Active,28,25,Idaho Golf Association,Falcon Crest Golf Course Challenge,2026-07-01,2026-08-31,83,42,405,full-page OCR | full-page OCR | full-page OCR
Completed,29,1,Greater Cincinnati Golf Association,Hickory Sticks Golf Course Challenge,2026-05-01,2026-07-31,35,11,112,full-page OCR | full-page OCR | full-page OCR
Active,29,2,Minnesota Golf Association,Baker National Golf Course Challenge,2026-08-19,2026-10-01,38,3,48,full-page OCR | full-page OCR | full-page OCR
Completed,29,3,Idaho Golf Association,RedHawk Golf Course Challenge,2026-06-01,2026-06-30,63,27,187,full-page OCR | full-page OCR | full-page OCR
Completed,29,4,Idaho Golf Association,Blue Lakes Country Club Challenge,2026-06-01,2026-06-30,49,26,153,full-page OCR | full-page OCR | full-page OCR
Active,29,5,Texas Golf Association,"Quail Valley Golf Course, El Dorado Course...",2026-06-02,2026-08-30,102,43,479,full-page OCR | full-page OCR | full-page OCR
Active,29,6,Virginia State Golf Association,Old Trail Golf Club Challenge,2026-08-01,2026-08-31,47,20,124,full-page OCR | full-page OCR | full-page OCR
Active,29,7,Southern California Golf Association,‘SCGA Fall Classic ‘26 - El Prado,2026-08-17,2026-10-31,25,0,16,full-page OCR | visual review | full-page OCR
Completed,29,8,Texas Golf Association,Clay/Kizer Golf Club-Jimmy Clay Course,2026-05-15,2026-08-12,183,47,404,full-page OCR | full-page OCR | full-page OCR
Active,29,9,Texas Golf Association,Gabe Lozano Golf Course 2026 Summer C...,2026-06-01,2026-08-29,62,21,178,full-page OCR | full-page OCR | full-page OCR
Active,29,10,Idaho Golf Association,Birch/Cedar Challenge,2026-07-01,2026-08-31,5,4,16,full-page OCR | full-page OCR | full-page OCR
Active,29,11,Idaho Golf Association,Elk Valley Resort Challenge,2026-07-01,2026-08-31,4,3,18,row OCR | full-page OCR | full-page OCR
Completed,29,12,Virginia State Golf Association,The Club at Viniterra Challenge,2026-07-01,2026-07-31,61,29,200,full-page OCR | full-page OCR | full-page OCR
Completed,29,13,Idaho Golf Association,Trail Creek Challenge,2026-06-01,2026-06-30,43,22,162,full-page OCR | full-page OCR | full-page OCR
Completed,29,14,Idaho Golf Association,Fairview Golf Course Challenge,2026-06-01,2026-06-30,7,3,22,full-page OCR | full-page OCR | full-page OCR
Active,29,15,Georgia State Golf Association,GSGA GHIN Challenge,2026-05-04,2026-08-31,69,26,387,full-page OCR | full-page OCR | full-page OCR
Completed,29,16,Montana State Golf Association,2026 GHIN Challenge @ Lake Hills Golf Cl...,2026-07-01,2026-07-31,58,16,126,full-page OCR | full-page OCR | full-page OCR
Completed,29,17,Golf Association of Michigan,MINES GOLF COURSE Challenge,2026-06-01,2026-07-31,102,13,122,full-page OCR | full-page OCR | full-page OCR
Active,29,18,Idaho Golf Association,RedHawk Golf Course Challenge,2026-07-01,2026-08-31,76,26,319,full-page OCR | full-page OCR | full-page OCR
Active,29,19,Idaho Golf Association,Purple Sage Golf Course Challenge,2026-07-01,2026-08-31,46,22,208,full-page OCR | full-page OCR | full-page OCR
Completed,29,20,GAP,GAP GHIN Challenge at Raven's Claw,2026-05-18,2026-06-29,116,30,282,full-page OCR | full-page OCR | full-page OCR
Active,29,21,Iowa Golf Association,IGA GHIN - Dodge Rivers...,2026-08-15,2026-09-15,14,2,17,full-page OCR | full-page OCR | full-page OCR
Completed,29,22,Idaho Golf Association,Elkhorn Golf Club Challenge,2026-06-01,2026-06-30,27,15,132,full-page OCR | full-page OCR | full-page OCR
Completed,29,23,Idaho Golf Association,Osprey Meadows at Tamarack Challenge,2026-06-01,2026-06-30,16,3,29,full-page OCR | prior-value confirmation | full-page OCR
Upcoming,29,24,New Jersey Golf,Francis Byrne Golf Course Challenge,2026-09-04,2026-10-12,89,0,0,full-page OCR | visual zero | visual zero
Completed,29,25,Idaho Golf Association,Lakeview Golf Club Challenge,2026-06-01,2026-06-30,110,52,340,full-page OCR | full-page OCR | full-page OCR
Completed,30,1,Montana State Golf Association,2026 GHIN Challenge @ Whitefish Lake N.... _,2026-06-01,2026-06-30,149,68,435,full-page OCR | full-page OCR | full-page OCR
Completed,30,2,GAP,GAP GHIN Challenge - Club at Twin Lakes,2026-07-07,2026-08-11,49,14,89,full-page OCR | full-page OCR | full-page OCR
Completed,30,3,Greater Cincinnati Golf Association,Pebble Creek Golf Course Challenge,2026-05-01,2026-07-31,19,3,50,full-page OCR | full-page OCR | full-page OCR
Completed,30,4,Greater Cincinnati Golf Association,Willows Challenge,2026-05-01,2026-07-31,42,17,102,full-page OCR | full-page OCR | full-page OCR
Active,30,5,Idaho Golf Association,Lakeview Golf Club Challenge,2026-07-01,2026-08-31,96,72,666,full-page OCR | full-page OCR | full-page OCR
Active,30,6,Idaho Golf Association,Elkhorn Golf Club Challenge,2026-07-01,2026-08-31,55,35,350,full-page OCR | full-page OCR | full-page OCR
Active,30,7,Idaho Golf Association,Whitetail Golf Club Challenge,2026-07-01,2026-08-31,41,26,213,full-page OCR | full-page OCR | full-page OCR
Active,30,8,Carolinas Golf Association,Cobbs Glen Challenge,2026-08-01,2026-08-31,65,19,151,full-page OCR | full-page OCR | full-page OCR
Completed,30,9,Montana State Golf Association,2026 GHIN Challenge @ Osprey to Osprey...,2026-07-01,2026-07-31,11,1,11,full-page OCR | full-page OCR | full-page OCR
Completed,30,10,Greater Cincinnati Golf Association,California Golf Course Challenge,2026-05-01,2026-07-31,30,5,77,full-page OCR | full-page OCR | full-page OCR
Completed,30,11,Montana State Golf Association,2026 GHIN Challenge @ Double Arrow Go...,2026-07-01,2026-07-31,28,4,46,full-page OCR | prior-value confirmation | full-page OCR
Completed,30,12,Southern California Golf Association,SCGA Summer Challenge '26,2026-06-01,2026-08-14,328,76,683,full-page OCR | full-page OCR | full-page OCR
Completed,30,13,Idaho Golf Association,Boise Ranch Golf Course Challenge,2026-06-01,2026-06-30,78,27,209,full-page OCR | full-page OCR | full-page OCR
Active,30,14,Texas Golf Association,Gulf Winds Golf Course 2026 Summer Cha... _,2026-06-01,2026-08-29,29,20,263,full-page OCR | full-page OCR | full-page OCR
Completed,30,15,Idaho Golf Association,Bigwood Golf Course Challenge,2026-06-01,2026-06-30,20,10,64,full-page OCR | full-page OCR | full-page OCR
Completed,30,16,Montana State Golf Association,2026 GHIN Challenge @ Larchmont Golf C...__,2026-06-01,2026-06-30,87,49,323,full-page OCR | full-page OCR | full-page OCR
Active,30,17,Mass Golf,THE MEADOW AT PEABODY Challenge,2026-07-15,2026-08-31,124,38,270,full-page OCR | full-page OCR | full-page OCR
Completed,30,18,Idaho Golf Association,Purple Sage Golf Course Challenge,2026-06-01,2026-06-30,64,17,147,full-page OCR | full-page OCR | full-page OCR
Completed,30,19,Idaho Golf Association,Falcon Crest Golf Course Challenge,2026-06-01,2026-06-30,28,4,44,full-page OCR | full-page OCR | full-page OCR
Completed,30,20,Idaho Golf Association,Centennial Golf Club Challenge,2026-06-01,2026-06-30,54,13,119,full-page OCR | full-page OCR | full-page OCR
Completed,30,21,Iowa Golf Association,"2026 Summer Showdown - Legacy,",2026-06-15,2026-07-15,75,21,155,full-page OCR | full-page OCR | full-page OCR
Active,30,22,Idaho Golf Association,Meadow Creek Golf Resort Challenge,2026-07-01,2026-08-31,26,15,116,full-page OCR | full-page OCR | full-page OCR
Completed,30,23,Idaho Golf Association,Shadow Valley Golf Course Challenge,2026-06-01,2026-06-30,64,15,113,full-page OCR | full-page OCR | full-page OCR
Completed,30,24,Greater Cincinnati Golf Association,Miami Whitewater Golf Course Challenge,2026-05-01,2026-07-31,56,21,176,full-page OCR | full-page OCR | full-page OCR
Completed,30,25,Idaho Golf Association,Hillcrest Country Club Challenge,2026-06-01,2026-06-30,134,75,461,full-page OCR | full-page OCR | full-page OCR
Active,31,1,Idaho Golf Association,93 Golf Ranch Challenge,2026-07-01,2026-08-31,39,26,322,full-page OCR | full-page OCR | full-page OCR
Completed,31,2,Montana State Golf Association,2026 GHIN Challenge @ Hilands Golf Club..,2026-07-01,2026-07-31,32,20,149,full-page OCR | row OCR | full-page OCR
Completed,31,3,Greater Cincinnati Golf Association,Lassing Pointe Challenge,2026-05-01,2026-07-31,48,21,157,full-page OCR | full-page OCR | full-page OCR
Completed,31,4,South Dakota Golf Association,GOLF CLUB AT RED ROCK Challenge ($601...,2026-05-17,2026-06-27,97,60,462,full-page OCR | full-page OCR | full-page OCR
Completed,31,5,Idaho Golf Association,TimberStone Golf Course Challenge,2026-06-01,2026-06-30,50,17,116,full-page OCR | full-page OCR | full-page OCR
Active,31,6,Idaho Golf Association,South/North Challenge,2026-07-01,2026-08-31,16,7,55,full-page OCR | full-page OCR | full-page OCR
Completed,31,7,Rochester District Golf Association,2026 RDGA Deerfield Challenge,2026-06-01,2026-08-15,139,79,736,full-page OCR | full-page OCR | full-page OCR
Completed,31,8,GAP,GAP GHIN Challenges at Wyncote Golf Club,2026-05-18,2026-06-29,128,12,180,full-page OCR | full-page OCR | full-page OCR
Completed,31,9,Montana State Golf Association,2026 GHIN Challenge @ Anaconda CC,2026-07-01,2026-07-31,10,4,31,full-page OCR | full-page OCR | full-page OCR
Completed,31,10,Greater Cincinnati Golf Association,Indian Ridge Golf Club Challenge,2026-05-01,2026-07-31,50,16,199,full-page OCR | full-page OCR | full-page OCR
Completed,31,11,Colorado Golf Association,Tiara Rado Golf Course Challenge,2026-06-15,2026-07-31,66,33,245,full-page OCR | full-page OCR | full-page OCR
Completed,31,12,Golf Association of Michigan,COLDWATER GOLF COURSE Challenge,2026-06-01,2026-07-31,42,24,210,full-page OCR | full-page OCR | full-page OCR
Completed,31,13,Carolinas Golf Association,Neuse CC Challenge,2026-07-01,2026-07-31,98,39,271,full-page OCR | full-page OCR | full-page OCR
Completed,31,14,Greater Cincinnati Golf Association,Blue Ash Golf Course Challenge,2026-05-01,2026-07-31,101,32,268,full-page OCR | row OCR | full-page OCR
Active,31,15,Texas Golf Association,Eagle Pointe Golf Club 2026 Summer Chal...,2026-06-01,2026-08-29,73,48,491,full-page OCR | full-page OCR | full-page OCR
Completed,31,16,Ohio Golf Association,July Champions Golf Course Challenge,2026-07-01,2026-07-31,29,1,32,full-page OCR | full-page OCR | full-page OCR
Completed,31,17,Idaho Golf Association,Jerome Country Club Challenge,2026-06-01,2026-06-30,63,25,194,full-page OCR | full-page OCR | full-page OCR
Completed,31,18,Idaho Golf Association,Jackpot Golf Course Challenge,2026-06-01,2026-06-30,20,5,39,full-page OCR | full-page OCR | row OCR
Completed,31,19,Greater Cincinnati Golf Association,Friendly Meadows Golf Club Challenge,2026-05-01,2026-07-31,16,11,83,full-page OCR | full-page OCR | full-page OCR
Active,31,20,Texas Golf Association,Stonetree Golf Club 2026 Summer Challenge,2026-06-03,2026-08-31,33,15,168,full-page OCR | full-page OCR | full-page OCR
Completed,31,21,Minnesota Golf Association,The Meadows at Mystic Lake Challenge,2026-05-26,2026-07-26,167,43,363,full-page OCR | row OCR | full-page OCR
Active,31,22,Texas Golf Association,The Champions Course at Weeks Park 202...,2026-06-03,2026-08-31,39,19,194,full-page OCR | full-page OCR | full-page OCR
Completed,31,23,Virginia State Golf Association,"Williamsburg National, Yorktown Course C...",2026-06-01,2026-06-30,94,56,351,full-page OCR | full-page OCR | full-page OCR
Completed,31,24,Idaho Golf Association,Fremont County Golf Course Challenge,2026-06-01,2026-06-30,12,5,30,full-page OCR | full-page OCR | full-page OCR
Completed,31,25,Texas Golf Association,Tierra Santa Golf Club 2026 Summer Chall...,2026-06-02,2026-07-31,44,21,226,full-page OCR | full-page OCR | full-page OCR
Active,32,1,Idaho Golf Association,Preston Country Club Challenge,2026-07-01,2026-08-31,29,17,130,full-page OCR | full-page OCR | full-page OCR
Active,32,2,Idaho Golf Association,Jefferson Hills Golf Course Challenge,2026-07-01,2026-08-31,55,33,253,full-page OCR | full-page OCR | full-page OCR
Completed,32,3,Carolinas Golf Association,Aiken GC Challenge,2026-07-01,2026-07-31,58,18,145,full-page OCR | full-page OCR | full-page OCR
Completed,32,4,Wyoming State / Colorado GA,Airport Golf Club Challenge,2026-06-15,2026-07-31,72,46,390,full-page OCR | full-page OCR | full-page OCR
Completed,32,5,Greater Cincinnati Golf Association,Stonelick Hills Golf Club Challenge,2026-05-01,2026-07-31,131,60,812,full-page OCR | full-page OCR | full-page OCR
Completed,32,6,Virginia State Golf Association,"Twin Lakes Golf Course, Oaks Challenge",2026-07-01,2026-07-31,60,15,96,full-page OCR | full-page OCR | full-page OCR
Completed,32,7,Idaho Golf Association,Quail Hollow Golf Course Challenge,2026-06-01,2026-06-30,71,26,205,full-page OCR | full-page OCR | full-page OCR
Completed,32,8,Idaho Golf Association,Pinecrest Golf Course Challenge,2026-06-01,2026-06-30,38,9,64,full-page OCR | full-page OCR | full-page OCR
Completed,32,9,Nebraska Golf Association,Jackrabbit Run Golf Course Challenge,2026-06-03,2026-06-30,10,4,22,full-page OCR | full-page OCR | full-page OCR
Active,32,10,Texas Golf Association,Cedar Crest Golf Course 2026 Summer Ch...,2026-06-01,2026-08-29,194,40,399,full-page OCR | full-page OCR | full-page OCR
Completed,32,11,Texas Golf Association,Max A. Mandel Municipal Golf Course 202...,2026-06-01,2026-07-31,67,35,236,full-page OCR | full-page OCR | full-page OCR
Active,32,12,Idaho Golf Association,Teton Reserve Challenge,2026-07-01,2026-08-31,52,27,205,full-page OCR | full-page OCR | full-page OCR
Completed,32,13,Texas Golf Association,Lions Municipal Golf Course 2026 Summe...,2026-05-15,2026-07-13,114,35,278,full-page OCR | full-page OCR | full-page OCR
Completed,32,14,Florida State Golf Association,Rosedale Golf & Country Club Challenge,2026-05-15,2026-06-14,83,39,337,full-page OCR | full-page OCR | full-page OCR
Active,32,15,Idaho Golf Association,Oregon Trail Country Club Challenge,2026-07-01,2026-08-31,20,16,170,full-page OCR | full-page OCR | full-page OCR
Active,32,16,Idaho Golf Association,Silver Sage Golf Course Challenge,2026-07-01,2026-08-31,13,10,127,full-page OCR | full-page OCR | full-page OCR
Completed,32,17,Florida State Golf Association,San Carlos Golf Club Challenge,2026-05-15,2026-06-14,69,34,212,full-page OCR | full-page OCR | full-page OCR
Completed,32,18,Texas Golf Association,Arlington Golf Assoc-Texas Rangers Golf Cl...,2026-06-01,2026-07-31,98,16,175,full-page OCR | full-page OCR | full-page OCR
Active,32,19,Southern California Golf Association,SCGA Fall Classic '26 - Industry Hills,2026-08-17,2026-10-31,32,0,19,full-page OCR | visual review | full-page OCR
Completed,32,20,Idaho Golf Association,Aspen/Birch Challenge,2026-06-01,2026-06-30,53,18,129,full-page OCR | full-page OCR | full-page OCR
Completed,32,21,Greater Cincinnati Golf Association,Hillsboro Elks Golf Club Challenge,2026-05-01,2026-07-31,5,2,17,full-page OCR | full-page OCR | full-page OCR
Completed,32,22,Idaho Golf Association,Sage Lakes Golf Course Challenge,2026-06-01,2026-06-30,24,4,34,full-page OCR | full-page OCR | full-page OCR
Completed,32,23,Alabama Golf Association,Heron Lakes Country Club Challenge,2026-06-01,2026-08-01,30,20,140,full-page OCR | full-page OCR | full-page OCR
Completed,32,24,Idaho Golf Association,Canyon Springs Golf Course Challenge,2026-06-01,2026-06-30,24,7,52,full-page OCR | full-page OCR | full-page OCR
Active,32,25,Idaho Golf Association,Centennial Golf Club Challenge,2026-07-01,2026-08-31,44,20,222,full-page OCR | full-page OCR | full-page OCR
Completed,33,1,Golf Association of Michigan,LESLIE PARK GC Challenge,2026-06-01,2026-07-31,103,36,270,full-page OCR | full-page OCR | full-page OCR
Completed,33,2,Montana State Golf Association,2026 GHIN Challenge @ Beaver Creek Golf...,2026-07-01,2026-07-31,43,19,130,full-page OCR | full-page OCR | full-page OCR
Active,33,3,Idaho Golf Association,Twin Falls Golf Club Challenge,2026-07-01,2026-08-31,73,52,473,full-page OCR | full-page OCR | full-page OCR
Completed,33,4,Florida State Golf Association,Hilaman Golf Course Challenge,2026-05-15,2026-06-14,32,15,127,full-page OCR | full-page OCR | full-page OCR
Active,33,5,Southern California Golf Association,‘SCGA Fall Classic ‘26 - La Mirada,2026-08-17,2026-10-31,27,1,21,full-page OCR | full-page OCR | full-page OCR
Completed,33,6,Texas Golf Association,The Courses at Watters Creek Traditions C...,2026-05-22,2026-08-19,139,35,351,full-page OCR | full-page OCR | full-page OCR
Completed,33,7,Ohio Golf Association,July Denison Golf Club Challenge,2026-07-01,2026-07-31,51,19,165,full-page OCR | full-page OCR | full-page OCR
Active,33,8,Southern California Golf Association,‘SCGA Fall Classic ‘26 - Santa Anita,2026-08-17,2026-10-31,36,1,44,full-page OCR | full-page OCR | full-page OCR
Active,33,9,Indiana Golf Association,Plum Creek Golf Club Challenge,2026-05-02,2026-08-31,67,26,405,full-page OCR | full-page OCR | full-page OCR
Active,33,10,Texas Golf Association,Hermann Park Golf Course 2026 Summer...,2026-06-02,2026-08-30,89,25,209,full-page OCR | full-page OCR | full-page OCR
Active,33,11,Idaho Golf Association,Eagle Hills Golf Course Challenge,2026-07-01,2026-08-31,54,23,239,full-page OCR | full-page OCR | full-page OCR
Active,33,12,Southern California Golf Association,SCGA Fall Classic '26 - Santa Barbara,2026-08-17,2026-10-31,37,1,30,full-page OCR | full-page OCR | full-page OCR
Completed,33,13,Rochester District Golf Association,2026 RDGA Ravenwood Challenge,2026-06-01,2026-08-15,150,38,657,full-page OCR | full-page OCR | full-page OCR
Active,33,14,Minnesota Golf Association,The Wilderness At Fortune Bay Challenge,2026-05-26,2026-08-26,112,19,211,full-page OCR | full-page OCR | full-page OCR
Active,33,15,Southern California Golf Association,SCGA Fall Classic '26 - Brookside,2026-08-17,2026-10-31,20,0,3,full-page OCR | visual review | full-page OCR
Active,33,16,Texas Golf Association,Mineola Country Club 2026 Summer Chall...,2026-06-03,2026-08-31,30,21,178,full-page OCR | full-page OCR | full-page OCR
Completed,33,17,Greater Cincinnati Golf Association,Woodlands/Lakeside Challenge,2026-05-01,2026-07-31,55,16,139,full-page OCR | full-page OCR | full-page OCR
Active,33,18,Idaho Golf Association,Quail Hollow Golf Course Challenge,2026-07-01,2026-08-31,74,32,319,full-page OCR | full-page OCR | full-page OCR
Completed,33,19,Texas Golf Association,Ross Rogers Golf Complex-Mustang Challe...,2026-05-01,2026-07-31,59,23,166,full-page OCR | full-page OCR | full-page OCR
Active,33,20,Idaho Golf Association,Salmon Valley Golf Course Challenge,2026-07-01,2026-08-31,13,6,44,full-page OCR | full-page OCR | full-page OCR
Active,33,21,Idaho Golf Association,Targhee Village Golf Course Challenge,2026-07-01,2026-08-31,7,4,20,full-page OCR | full-page OCR | full-page OCR
Completed,33,22,Rochester District Golf Association,2026 ROGA Wild Wood Country Club Chal...,2026-06-01,2026-08-15,88,43,546,full-page OCR | full-page OCR | full-page OCR
Completed,33,23,Southern California Golf Association,SCGA Summer Challenge '26,2026-06-01,2026-08-14,249,67,707,full-page OCR | full-page OCR | full-page OCR
Completed,33,24,Greater Cincinnati Golf Association,The Mill Course Challenge,2026-05-01,2026-07-31,54,24,218,full-page OCR | full-page OCR | full-page OCR
Completed,33,25,Greater Cincinnati Golf Association,Reeves Golf Course Challenge,2026-05-01,2026-07-31,27,7,87,full-page OCR | full-page OCR | full-page OCR
Active,34,1,Idaho Golf Association,TimberStone Golf Course Challenge,2026-07-01,2026-08-31,57,27,263,full-page OCR | full-page OCR | full-page OCR
Completed,34,2,Virginia State Golf Association,"Shenandoah Valley Golf Club, Old Course C...",2026-07-01,2026-07-31,22,7,52,full-page OCR | full-page OCR | full-page OCR
Completed,34,3,Golf Association of Michigan,LAKE MICHIGAN HILLS GC Challenge,2026-06-01,2026-07-31,55,40,427,full-page OCR | full-page OCR | full-page OCR
Active,34,4,Texas Golf Association,Hawks Creek Golf Club 2026 Summer Chal..,2026-06-02,2026-08-30,149,33,336,full-page OCR | full-page OCR | full-page OCR
Active,34,5,Southern California Golf Association,SCGA Fall Classic '26 - Soule Park,2026-08-17,2026-10-31,40,0,29,full-page OCR | row OCR | full-page OCR
Completed,34,6,GAP,GAP GHIN Challenge at Honeybrook,2026-07-01,2026-08-12,95,42,345,full-page OCR | full-page OCR | full-page OCR
Active,34,7,Western Pennsylvania Golf Association,Totteridge Golf Course Challenge,2026-06-01,2026-09-01,165,30,383,full-page OCR | full-page OCR | full-page OCR
Upcoming,34,8,New Jersey Golf,Hendricks Field Golf Club Challenge,2026-09-04,2026-10-12,43,0,0,full-page OCR | row OCR | visual zero
Active,34,9,Idaho Golf Association,Rolling Hills Golf Course Challenge,2026-07-01,2026-08-31,13,6,90,full-page OCR | full-page OCR | full-page OCR
Active,34,10,Texas Golf Association,Andrews County Golf Course 2026 Summe...,2026-06-02,2026-08-30,31,9,76,full-page OCR | full-page OCR | full-page OCR
Active,34,11,Idaho Golf Association,Highland Golf Course Challenge,2026-07-01,2026-08-31,44,22,160,full-page OCR | full-page OCR | full-page OCR
Active,34,12,Iowa Golf Association,IGA GHIN Throwdown Saddleback...,2026-08-15,2026-09-15,26,0,22,full-page OCR | visual review | full-page OCR
Completed,34,13,Southern California Golf Association,SCGA Summer Challenge '26,2026-06-01,2026-08-14,173,48,472,full-page OCR | full-page OCR | full-page OCR
Completed,34,14,Ohio Golf Association,July The Golf Club of Dublin Challenge,2026-07-01,2026-07-31,77,14,140,full-page OCR | full-page OCR | full-page OCR
Active,34,15,Wyoming State / Colorado GA,Bell Nob Golf Club Challenge,2026-08-01,2026-09-16,77,23,152,full-page OCR | full-page OCR | full-page OCR
Completed,34,16,Montana State Golf Association,2026 GHIN Challenge @ Airport Golf Club ...,2026-07-01,2026-07-31,31,16,113,full-page OCR | full-page OCR | full-page OCR
Active,34,17,Southern California Golf Association,SCGA Fall Classic '26 - Jurupa Hills,2026-08-17,2026-10-31,23,0,15,full-page OCR | visual review | full-page OCR
Completed,34,18,Louisiana Golf Association,English Turn G&CC Challenge,2026-07-10,2026-08-10,97,48,311,full-page OCR | full-page OCR | full-page OCR
Completed,34,19,Texas Golf Association,2026 GHIN Challenge @ Pine Meadows,2026-06-01,2026-07-31,64,35,297,full-page OCR | full-page OCR | full-page OCR
Completed,34,20,Montana State Golf Association,2026 GHIN Challenge @ Pine Meadows Golf Course,2026-07-01,2026-07-31,14,9,53,full-page OCR | full-page OCR | full-page OCR
Active,34,21,Southern California Golf Association,SCGA Fall Classic '26 - Griffith Park,2026-08-17,2026-10-31,35,0,31,full-page OCR | row OCR | full-page OCR
Active,34,22,Carolinas Golf Association,Seven Lakes Challenge,2026-08-01,2026-08-31,58,29,171,full-page OCR | full-page OCR | full-page OCR
Active,34,23,Montana State Golf Association,2026 GHIN Challenge @ Stillwater Golf Co...,2026-08-01,2026-08-31,4,2,8,full-page OCR | full-page OCR | full-page OCR
Active,34,24,Idaho Golf Association,Canyon Springs Golf Course Challenge,2026-07-01,2026-08-31,29,11,82,full-page OCR | full-page OCR | full-page OCR
Completed,34,25,Montana State Golf Association,2026 GHIN Challenge @ Highland View Golf Course,2026-07-01,2026-07-31,14,12,93,full-page OCR | full-page OCR | full-page OCR
Active,35,1,Montana State Golf Association,ROREGHINChallungy @stockEamm club...,2026-08-01,2026-08-31,33,14,105,full-page OCR | full-page OCR | full-page OCR
Completed,35,2,Greater Cincinnati Golf Association,Aston Oaks Golf Club Challenge,2026-05-01,2026-07-31,73,21,232,full-page OCR | full-page OCR | full-page OCR
Active,35,3,Idaho Golf Association,Pinecrest Golf Course Challenge,2026-07-01,2026-08-31,45,18,131,full-page OCR | full-page OCR | full-page OCR
Completed,35,4,Greater Cincinnati Golf Association,Walden Ponds Golf Club Challenge,2026-05-01,2026-07-31,46,14,163,full-page OCR | full-page OCR | full-page OCR
Active,35,5,Idaho Golf Association,White Clouds Challenge,2026-07-01,2026-08-31,11,3,22,full-page OCR | full-page OCR | full-page OCR
Active,35,6,Georgia State Golf Association,GSGA GHIN Challenge,2026-05-04,2026-08-31,144,73,1070,full-page OCR | full-page OCR | full-page OCR
Active,35,7,Idaho Golf Association,Ridgecrest Challenge,2026-07-01,2026-08-31,57,18,178,full-page OCR | full-page OCR | full-page OCR
Completed,35,8,Greater Cincinnati Golf Association,Elks Run Golf Club Challenge,2026-05-01,2026-07-31,81,28,370,full-page OCR | full-page OCR | full-page OCR
Completed,35,9,Texas Golf Association,Morris Williams Golf Club 2026 Summer Challenge,2026-05-15,2026-07-13,167,60,447,full-page OCR | full-page OCR | full-page OCR
Active,35,10,Idaho Golf Association,Aspen/Birch Challenge,2026-07-01,2026-08-31,68,38,300,full-page OCR | full-page OCR | full-page OCR
Active,35,11,Idaho Golf Association,Blue Lakes Country_Club Challenge,2026-07-01,2026-08-31,47,37,249,full-page OCR | full-page OCR | full-page OCR
Active,35,12,Texas Golf Association,"Meadowbrook Country Club, Kilgore 2026...",2026-06-01,2026-08-29,12,9,88,full-page OCR | full-page OCR | full-page OCR
Active,35,13,Texas Golf Association,Gaines County Golf Course 2026 Summer...,2026-06-02,2026-08-30,25,13,113,full-page OCR | full-page OCR | full-page OCR
