Status,Source Page,Source Row,Association,Challenge Name,OCR Name,OCR Association,Start Date,End Date,Golfers,Ranked Golfers,Scores Posted,Metric Source
Active,1,1,Idaho Golf Association,American Falls Golf Course Challenge,American Falls Golf Course Challenge,Idaho Golf Association,2026-07-01,2026-08-31,17,10,57,full-page OCR | full-page OCR | full-page OCR
Active,1,2,Alabama Golf Association,One Club Challenge,Awesome Trail Test Club Challenge,Carolinas Golf Association,2026-08-01,2026-08-31,0,0,0,corrected detail | corrected detail | corrected detail
Active,1,3,Greater Cincinnati Golf Association,East/West Challenge,Best of West Challenge,Oklahoma Golf Association,2026-08-01,2026-09-30,25,4,38,full-page OCR | full-page OCR | full-page OCR
Active,1,4,Montana State Golf Association,2026 GHIN Challenge @ Glacier View Golf...,2026 GHIN Challenge @ Glacier Park Lodg...,Montana State Golf Association,2026-08-01,2026-08-31,1,0,0,full-page OCR | corrected detail | corrected detail
Active,1,5,Idaho Golf Association,Rupert Country Club Challenge,Rupert Country Club Challenge,Idaho Golf Association,2026-07-01,2026-08-31,38,28,174,full-page OCR | full-page OCR | full-page OCR
Active,1,6,Idaho Golf Association,Blackfoot Golf Course Challenge,Jackpot Golf Course Challenge,Idaho Golf Association,2026-07-01,2026-08-31,19,9,93,full-page OCR | corrected detail | full-page OCR
Active,1,7,Iowa Golf Association,‘2026 1G4 GHIN Throwdown «Brooks,2026 IGA GHIN Throwdown - Brooks,lowa Golf Association,2026-08-15,2026-09-15,0,0,0,corrected detail | corrected detail | corrected detail
Active,1,8,Carolinas Golf Association,Carolina Lakes GC Challenge,Red Bridge G8CC Challenge,Carolinas Golf Association,2026-08-01,2026-08-31,60,8,102,full-page OCR | full-page OCR | full-page OCR
Active,1,9,Texas Golf Association,Sonora Golf Club 2026 Summer Challenge,Sonora Golf Club 2026 Summer Challenge,Texas Golf Association,2026-06-03,2026-08-31,14,9,50,full-page OCR | full-page OCR | full-page OCR
Active,1,10,Idaho Golf Association,The Club at SpurWing Primary Challenge,The Club at SpurWing Primary Challenge,Idaho Golf Association,2026-07-01,2026-08-31,96,68,770,full-page OCR | full-page OCR | full-page OCR
Active,1,11,Montana State Golf Association,2026 GHIN Challenge @ Beaverhead Golf...,2026 GHIN Challenge @ Red Lodge Mount...,Montana State Golf Association,2026-08-01,2026-08-31,7,0,9,full-page OCR | corrected detail | full-page OCR
Active,1,12,Southern California Golf Association,SCGA Fall Cassin '26 - Navy,SCGA Fall Classic '26 - Navy.,Southern California Golf Associ...,2026-08-17,2026-10-31,53,0,47,full-page OCR | corrected detail | full-page OCR
Active,1,13,Idaho Golf Association,Journey's End Golf Course Challenge,Journey's End Golf Course Challenge,Idaho Golf Association,2026-07-01,2026-08-31,1,1,3,full-page OCR | full-page OCR | full-page OCR
Active,1,14,Montana State Golf Association,2026 GHIN Challenge @ Rock Creek Cattl...,2026 GHIN Challenge @ Jawbone Creek C...,Montana State Golf Association,2026-08-01,2026-08-31,2,0,3,full-page OCR | corrected detail | full-page OCR
Active,1,15,Montana State Golf Association,2026 GHIN Challenge @ Bridger Creek Gol...,2026 GHIN Challenge @ Fox Ridge Golf Co...,Montana State Golf Association,2026-08-01,2026-08-31,25,9,60,full-page OCR | full-page OCR | full-page OCR
Active,1,16,GAP,‘GAP Challongo at Linfield National GolfClub,GAP Challenge at Linfield National Golf Club,GAP,2026-08-14,2026-09-28,21,1,20,full-page OCR | full-page OCR | full-page OCR
Active,1,17,Texas Golf Association,Cross Timbers Golf Course 2026 Summer...,Cross Timbers Golf Course 2026 Summer ...,Texas Golf Association,2026-06-01,2026-08-29,87,39,421,full-page OCR | full-page OCR | full-page OCR
Active,1,18,Southern California Golf Association,"‘SCA Fall Ctnsie ""26. Loo Verda",SCGA Fall Classic '26 - Los Verdes,Southern California Golf Associ...,2026-08-17,2026-10-31,53,4,57,full-page OCR | full-page OCR | full-page OCR
Active,1,19,Texas Golf Association,Delaware Springs Golf Course 2026 Summ... _,Delaware Springs Golf Course 2026 Summ...,Texas Golf Association,2026-06-01,2026-08-29,123,56,857,full-page OCR | full-page OCR | full-page OCR
Active,1,20,Montana State Golf Association,2026 GHIN Challenge @ Hilands Golf Club...,2026 GHIN Challenge @ Laurel Golf Club ..,Montana State Golf Association,2026-08-01,2026-08-31,107,55,375,full-page OCR | full-page OCR | full-page OCR
Active,1,21,Montana State Golf Association,2026 GHIN Challenge @ Green Meadow C...,2026 GHIN Challenge @ Meadow Creek G...,Montana State Golf Association,2026-08-01,2026-08-31,1,1,3,full-page OCR | full-page OCR | full-page OCR
Active,1,22,Idaho Golf Association,BanBury Golf Course Challenge,BanBury_Golf Course Challenge,Idaho Golf Association,2026-07-01,2026-08-31,76,38,301,full-page OCR | full-page OCR | full-page OCR
Active,1,23,Idaho Golf Association,Jerome Country Club Challenge,SOUTH SHORE COUNTRY CLUB Challenge,Mass Golf,2026-07-15,2026-08-31,175,57,500,full-page OCR | full-page OCR | full-page OCR
Active,1,24,Idaho Golf Association,Warm Springs Golf Course Challenge,Warm Springs Golf Course Challenge,Idaho Golf Association,2026-07-01,2026-08-31,84,41,358,full-page OCR | full-page OCR | full-page OCR
Active,1,25,Idaho Golf Association,Caribou Highlands Golf Course Challenge,Caribou Highlands Golf Course Challenge,Idaho Golf Association,2026-07-01,2026-08-31,0,0,0,corrected detail | corrected detail | corrected detail
Active,2,1,Greater Cincinnati Golf Association,Reeves Golf Course Challenge,CommonGround Golf Course Challenge,Colorado Golf Association,2026-07-20,2026-08-31,239,55,477,full-page OCR | full-page OCR | full-page OCR
Active,2,2,Greater Cincinnati Golf Association,Pioneer Challenge,2026 GHIN Challenge @ Indian Springs Ra...,Montana State Golf Association,2026-08-01,2026-08-31,29,16,149,full-page OCR | full-page OCR | full-page OCR
Active,2,3,Greater Cincinnati Golf Association,Grizzly Course Challenge,Collindale Golf Course Challenge,Colorado Golf Association,2026-07-20,2026-08-31,116,31,219,full-page OCR | full-page OCR | full-page OCR
Active,2,4,Northern California Golf Association,Fall Classhe ‘26 - ‘Southern,SCGA Fall Classic '26 - Skylinks,Southern California Golf Associ…,2026-08-17,2026-10-31,82,1,69,full-page OCR | full-page OCR | full-page OCR
Active,2,5,Golf Association of Michigan,MINES GOLF COURSE Challenge,Scotch Pines Golf Course Challenge,Idaho Golf Association,2026-07-01,2026-08-31,52,29,260,full-page OCR | full-page OCR | full-page OCR
Active,2,6,Metropolitan Golf Association,Challenge st Olde Homestead Golfclub GAP,GAP Challenge at Olde Homestead Golf Club,GAP,2026-08-14,2026-09-28,41,6,58,full-page OCR | full-page OCR | full-page OCR
Active,2,7,Alabama Golf Association,Heron Lakes Country Club Challenge,Clear Lake Country Club Challenge,Idaho Golf Association,2026-07-01,2026-08-31,63,45,483,full-page OCR | full-page OCR | full-page OCR
Active,2,8,Iowa Golf Association,Lodge 590 Summer GHIN Challenge,Lodge 590 Summer GHIN Challenge,lowa Golf Association,2026-05-25,2026-09-07,41,34,345,full-page OCR | full-page OCR | full-page OCR
Active,2,9,Georgia State Golf Association,GSGA GHIN Challenge,2026 GHIN Challenge @ Marias Valley Gol...,Montana State Golf Association,2026-08-01,2026-08-31,27,13,78,full-page OCR | full-page OCR | full-page OCR
Active,2,10,Idaho Golf Association,Council Greens Challenge,Council Greens Challenge,Idaho Golf Association,2026-07-01,2026-08-31,0,0,0,corrected detail | corrected detail | corrected detail
Active,2,11,Metropolitan Golf Association,GHIN Challenge @ Rolling Hite Golf... MontanaStateGelf,2026 GHIN Challenge @ Rolling Hills Golf..,Montana State Golf Association,2026-08-01,2026-08-31,0,0,0,corrected detail | corrected detail | corrected detail
Active,2,12,Northern California Golf Association,"Fall Classic ""26 - Sieni Hills Southern",SCGA Fall Classic '26 - Simi Hills,Southern California Golf Associ…,2026-08-17,2026-10-31,43,0,43,full-page OCR | corrected detail | full-page OCR
Active,2,13,Virginia State Golf Association,Virginia Beach National Golf Club Challenge,Birkdale Golf Club Challenge,Virginia State Golf Association,2026-08-01,2026-08-31,49,23,164,full-page OCR | full-page OCR | full-page OCR
Active,2,14,Metropolitan Golf Association,BRIDGE GC (ndlana,COVERED BRIDGE GC Challenge,Indiana Golf Association,2026-05-02,2026-08-31,100,45,436,full-page OCR | full-page OCR | full-page OCR
Active,2,15,Northern California Golf Association,Fall Classic '26 - Seputveda Souther,SCGA Fall Classic '26 - Sepulveda,Southern California Golf Associ...,2026-08-17,2026-10-31,53,0,46,full-page OCR | visual zero | full-page OCR
Active,2,16,Montana State Golf Association,2026 GHIN Challenge @ Double Arrow Go...,Middle/North Challenge,Idaho Golf Association,2026-07-01,2026-08-31,4,2,19,full-page OCR | full-page OCR | full-page OCR
Active,2,17,Western Pennsylvania Golf Association,Blue Course Challenge,White Course Challenge,Western Pennsylvania Golf Asso….,2026-06-01,2026-09-01,76,23,297,full-page OCR | full-page OCR | full-page OCR
Active,2,18,Washington Golf,The Home Course Challenge,The Home Course Challenge,Washington Golf,2026-06-01,2026-08-31,594,125,1421,full-page OCR | full-page OCR | full-page OCR
Active,2,19,Idaho Golf Association,Sand Creek Golf Course Challenge,Sand Creek Golf Course Challenge,Idaho Golf Association,2026-07-01,2026-08-31,43,16,136,full-page OCR | full-page OCR | full-page OCR
Active,2,20,Carolinas Golf Association,Aiken GC Challenge,Wildwood Green GC Challenge,Carolinas Golf Association,2026-08-01,2026-08-31,167,93,570,full-page OCR | full-page OCR | full-page OCR
Active,2,21,Western Pennsylvania Golf Association,White Course Challenge,Blue Course Challenge,Western Pennsylvania Golf Asso…..,2026-06-01,2026-09-01,94,29,347,full-page OCR | full-page OCR | full-page OCR
Active,2,22,Northern California Golf Association,Fall Classic '26 - Coronado. Southern,SCGA Fall Classic '26 - Coronado,Southern California Golf Associ….,2026-08-17,2026-10-31,56,4,71,full-page OCR | full-page OCR | full-page OCR
Active,2,23,Northern California Golf Association,Fall Classic'26 - San Clamente Southern,SCGA Fall Classic '26 - San Clemente,Southern California Golf Associ...,2026-08-17,2026-10-31,69,2,73,full-page OCR | full-page OCR | full-page OCR
Active,2,24,Montana State Golf Association,2026 GHIN Challenge @ Ponderosa Butte ...,2026 GHIN Challenge @ Pondera Golf Cou...,Montana State Golf Association,2026-08-01,2026-08-31,1,0,0,full-page OCR | corrected detail | corrected detail
Active,2,25,Metropolitan Golf Association,GHIN Challenge @ Northern Pinas... MontanaStateGolfAssaciation,2026 GHIN Challenge_@ Northern Pines G...,Montana State Golf Association,2026-08-01,2026-08-31,65,25,171,full-page OCR | full-page OCR | full-page OCR
Active,3,1,Idaho Golf Association,River Birch Golf Course Challenge,River Birch Golf Course Challenge,Idaho Golf Association,2026-07-01,2026-08-31,74,30,300,full-page OCR | full-page OCR | full-page OCR
Active,3,2,Idaho Golf Association,Challenge Course Challenge,South/West Challenge,Idaho Golf Association,2026-07-01,2026-08-31,23,8,50,full-page OCR | full-page OCR | full-page OCR
Active,3,3,Texas Golf Association,Cottonwood Creek Golf Course 2026 Sum...,Cottonwood Creek Golf Course 2026 Sum...,Texas Golf Association,2026-06-01,2026-08-29,54,29,254,full-page OCR | full-page OCR | full-page OCR
Active,3,4,Idaho Golf Association,Jug Mountain Ranch Challenge,Jug Mountain Ranch Challenge,Idaho Golf Association,2026-07-01,2026-08-31,47,18,165,full-page OCR | full-page OCR | full-page OCR
Active,3,5,Texas Golf Association,Shady Oaks Golf Course 2026 Summer Ch...,Shady_Oaks Golf Course 2026 Summer Ch...,Texas Golf Association,2026-06-03,2026-08-31,34,25,270,full-page OCR | full-page OCR | full-page OCR
Active,3,6,Idaho Golf Association,Indian Lakes Golf Course Challenge,Indian Lakes Golf Course Challenge,Idaho Golf Association,2026-07-01,2026-08-31,2,0,2,full-page OCR | corrected detail | full-page OCR
Active,3,7,Idaho Golf Association,Island Park Village Golf Course Challenge,Island Park Village Golf Course Challenge,Idaho Golf Association,2026-07-01,2026-08-31,0,0,0,corrected detail | corrected detail | corrected detail
Active,3,8,GAP,Challenge at John F. Byrne Golf Course =,GAP Challenge at John F. Byrne Golf Course,GAP,2026-08-14,2026-09-28,26,1,27,full-page OCR | corrected detail | full-page OCR
Active,3,9,Montana State Golf Association,‘RORE-GHIN HllisG...,2026 GHIN Challenge_@ Anaconda Hills G...,Montana State Golf Association,2026-08-01,2026-08-31,14,2,23,full-page OCR | row-context OCR | full-page OCR
Active,3,10,Metropolitan Golf Association,2026 IGA GHIN Throwdown - Willow Creek,2026 IGA GHIN Throwdown - Willow Creek,lowa Golf Association,2026-08-15,2026-09-15,4,0,3,full-page OCR | corrected detail | visual review
Active,3,11,Idaho Golf Association,South/Middle Challenge,Cadet Challenge,Idaho Golf Association,2026-07-01,2026-08-31,0,0,0,corrected detail | corrected detail | corrected detail
Active,3,12,Southern California Golf Association,‘SCGA Fall Classic '26-TheGolfClubat Aa...,SCGA Fall Classic '26 - The Golf Club at Ra...,Southern California Golf Associ...,2026-08-17,2026-10-31,32,0,25,full-page OCR | corrected detail | full-page OCR
Active,3,13,Texas Golf Association,Max Starcke Park Golf Course 2026 Summ...,Max Starcke Park Golf Course 2026 Summ...,Texas Golf Association,2026-06-01,2026-08-29,69,25,216,full-page OCR | full-page OCR | full-page OCR
Active,3,14,Montana State Golf Association,2026 GHIN Challenge @ Valley View Golf...,2026 GHIN Challenge_ @ Cabinet View Gol... Montana State Golf Association,,2026-08-01,2026-08-31,26,13,80,full-page OCR | full-page OCR | full-page OCR
Active,3,15,Idaho Golf Association,Jefferson Hills Golf Course Challenge,Riverside Golf Course Challenge,Idaho Golf Association,2026-07-01,2026-08-31,52,35,273,full-page OCR | full-page OCR | full-page OCR
Active,3,16,Idaho Golf Association,Cedar/Aspen Challenge,Cedar/Aspen Challenge,Idaho Golf Association,2026-07-01,2026-08-31,3,0,2,full-page OCR | visual review | full-page OCR
Active,3,17,Idaho Golf Association,Freedom Course Challenge,Freedom Course Challenge,Idaho Golf Association,2026-07-01,2026-08-31,0,0,0,corrected detail | corrected detail | corrected detail
Active,3,18,Idaho Golf Association,Pierce Park Greens Challenge,Pierce Park Greens Challenge,Idaho Golf Association,2026-07-01,2026-08-31,0,0,0,corrected detail | corrected detail | corrected detail
Active,3,19,Idaho Golf Association,Bronze Buffalo Ranch at Teton Springs Cha...,Bronze Buffalo Ranch at Teton Springs Cha...,Idaho Golf Association,2026-07-01,2026-08-31,49,32,231,full-page OCR | full-page OCR | full-page OCR
Active,3,20,Southern California Golf Association,Fall Cssic ‘26 - tives Links,SCGA Fall Classic '26 - Olivas Links,Southern California Golf Associ…..,2026-08-17,2026-10-31,35,1,28,full-page OCR | corrected detail | full-page OCR
Active,3,21,Greater Cincinnati Golf Association,World of Golf Challenge,River Park Golf Course Challenge,Idaho Golf Association,2026-07-01,2026-08-31,0,0,0,corrected detail | corrected detail | corrected detail
Active,3,22,Montana State Golf Association,GHIN @tickory Swing Ga...,2026 GHIN Challenge_@ Hickory_Swing Go…,Montana State Golf Association,2026-08-01,2026-08-31,9,4,25,full-page OCR | full-page OCR | full-page OCR
Active,3,23,Southern California Golf Association,Fall ‘26 - Twin Oaks,SCGA Fall Classic '26 - Twin Oaks,Southern California Golf Associ…..,2026-08-17,2026-10-31,37,1,28,full-page OCR | visual review | full-page OCR
Active,3,24,Idaho Golf Association,Sage Lakes Golf Course Challenge,Sage Lakes Golf Course Challenge,Idaho Golf Association,2026-07-01,2026-08-31,33,13,90,full-page OCR | full-page OCR | full-page OCR
Active,3,25,Southern California Golf Association,"Fall Clasale ""26 - Rancho Park",SCGA Fall Classic 26 - Rancho Park,Southern California Golf Associ...,2026-08-17,2026-10-31,55,1,52,full-page OCR | visual review | full-page OCR
Active,4,1,Southern California Golf Association,Fall classic '26 - Goose Crook,SCGA Fall Classic '26 - Goose Creek,Southern California Golf Associ….,2026-08-17,2026-10-31,77,2,76,full-page OCR | full-page OCR | full-page OCR
Active,4,2,Greater Cincinnati Golf Association,Harmon Golf Club Challenge,Westfields Golf Club Challenge,Virginia State Golf Association,2026-08-01,2026-08-31,65,20,162,full-page OCR | full-page OCR | full-page OCR
Active,4,3,Metropolitan Golf Association,Chatlonge,Park/Highlands Challenge,Wyoming State / Colorado GA,2026-07-20,2026-08-31,32,7,48,full-page OCR | full-page OCR | full-page OCR
Active,4,4,Montana State Golf Association,2026 GHIN Challenge @ Cottonwood Cou...,GSGA GHIN Challenge,Georgia State Golf Association,2026-05-04,2026-08-31,181,65,870,full-page OCR | full-page OCR | full-page OCR
Active,4,5,Idaho Golf Association,Hillcrest Country Club Challenge,Hillcrest Country Club Challenge,Idaho Golf Association,2026-07-01,2026-08-31,123,83,728,full-page OCR | full-page OCR | full-page OCR
Active,4,6,Southern California Golf Association,"Fall Classic ""26 - Conta Mesa",SCGA Fall Classic '26 - Costa Mesa,Southern California Golf Associ….,2026-08-17,2026-10-31,54,2,41,full-page OCR | full-page OCR | full-page OCR
Active,4,7,Texas Golf Association,Ratliff Ranch Golf Links 2026 Summer Cha...,Ratliff Ranch Golf Links 2026 Summer Cha...,Texas Golf Association,2026-05-27,2026-08-24,59,35,255,full-page OCR | full-page OCR | full-page OCR
Active,4,8,Golf Association of Michigan,CHANDLER PARK GOLF COURSE Challenge,Montpelier Golf Course Challenge,Idaho Golf Association,2026-07-01,2026-08-31,5,2,26,visual review | full-page OCR | full-page OCR
Active,4,9,Greater Cincinnati Golf Association,Hillsboro Etks Golf Club Challenge,Blue Hills Golf Club Challenge,Virginia State Golf Association,2026-08-01,2026-08-31,52,25,162,full-page OCR | full-page OCR | full-page OCR
Active,4,10,Southern California Golf Association,fall Classic ‘26 - Encinitas Ranch,SCGA Fall Classic '26 - Encinitas Ranch,Southern California Golf Associ.,2026-08-17,2026-10-31,62,0,53,full-page OCR | corrected detail | full-page OCR
Active,4,11,Rochester District Golf Association,2026 RDGA Ravenwood Challenge,South/Middle Challenge,Idaho Golf Association,2026-07-01,2026-08-31,2,0,2,row-context OCR | corrected detail | full-page OCR
Active,4,12,Idaho Golf Association,Terrace Lakes Golf Course Challenge,Terrace Lakes Golf Course Challenge,Idaho Golf Association,2026-07-01,2026-08-31,33,18,122,full-page OCR | full-page OCR | full-page OCR
Active,4,13,Montana State Golf Association,GHIN Challenge @ Black Bull Challe...,2026 GHIN Challenge @ Black Bull Challe…,Montana State Golf Association,2026-08-01,2026-08-31,63,27,176,full-page OCR | full-page OCR | full-page OCR
Active,4,14,Idaho Golf Association,RedHawk Golf Course Challenge,Challenge Course Challenge,Idaho Golf Association,2026-07-01,2026-08-31,0,0,0,corrected detail | corrected detail | corrected detail
Active,4,15,Idaho Golf Association,Montpelier Golf Course Challenge,Cascade Golf Course Challenge,Idaho Golf Association,2026-07-01,2026-08-31,8,2,20,full-page OCR | row-context OCR | full-page OCR
Active,4,16,Ohio Golf Association,July Safari GC Challenge,Lake Marion GC Challenge,Carolinas Golf Association,2026-08-01,2026-08-31,45,3,55,full-page OCR | full-page OCR | full-page OCR
Active,4,17,Idaho Golf Association,Hazard Creek Golf Course Challenge,Hazard Creek Golf Course Challenge,Idaho Golf Association,2026-07-01,2026-08-31,2,1,7,full-page OCR | corrected detail | full-page OCR
Active,4,18,Idaho Golf Association,Shadow Valley Golf Course Challenge,Pleasant Valley_Golf Course Challenge,Idaho Golf Association,2026-07-01,2026-08-31,0,0,0,corrected detail | corrected detail | corrected detail
Active,4,19,Idaho Golf Association,Boise Ranch Golf Course Challenge,Boise Ranch Golf Course Challenge|,Idaho Golf Association,2026-07-01,2026-08-31,78,45,346,full-page OCR | full-page OCR | full-page OCR
Active,4,20,Idaho Golf Association,Trail Creek Challenge,Trail Creek Challenge,Idaho Golf Association,2026-07-01,2026-08-31,59,29,356,full-page OCR | full-page OCR | full-page OCR
Active,4,21,Idaho Golf Association,Preston Country Club Challenge,Jerome Country _Club Challenge,Idaho Golf Association,2026-07-01,2026-08-31,56,41,371,full-page OCR | full-page OCR | full-page OCR
Active,4,22,Greater Cincinnati Golf Association,Hidden Valley Golf Club Challenge,MILL VALLEY GOLF LINKS Challenge,Mass Golf,2026-08-15,2026-09-30,26,5,46,full-page OCR | full-page OCR | full-page OCR
Active,4,23,Southern California Golf Association,Fall Classic'26 Rancho San Joaquin,SCGA Fall Classic '26 - Rancho San Joaquin,Southern California Golf Associ….,2026-08-17,2026-10-31,50,2,45,full-page OCR | corrected detail | full-page OCR
Active,4,24,Indiana Golf Association,Autumn Ridge Golf Club Challenge,Autumn Ridge Golf Club Challenge,Indiana Golf Association,2026-05-02,2026-08-31,36,15,236,full-page OCR | full-page OCR | full-page OCR
Active,4,25,Idaho Golf Association,South/West Challenge,North/West Challenge,Idaho Golf Association,2026-07-01,2026-08-31,12,5,30,full-page OCR | full-page OCR | full-page OCR
Active,5,1,Ohio Golf Association,July Delaware Golf Club Challenge,Hiawatha Golf Club Challenge,Minnesota Golf Association,2026-08-07,2026-10-01,26,4,41,full-page OCR | full-page OCR | full-page OCR
Active,5,2,Idaho Golf Association,Wee Nine Challenge,Wee Nine Challenge,Idaho Golf Association,2026-07-01,2026-08-31,3,2,10,visual review | corrected detail | full-page OCR
Active,5,3,Texas Golf Association,Canyon Springs Golf Club 2026 Summer...,Canyon Springs Golf Club 2026 Summer C...,Texas Golf Association,2026-06-01,2026-08-29,123,67,650,full-page OCR | full-page OCR | full-page OCR
Active,5,4,Idaho Golf Association,The Links at Teton Peaks Challenge,The Links at Teton Peaks Challenge,Idaho Golf Association,2026-07-01,2026-08-31,43,20,161,full-page OCR | full-page OCR | full-page OCR
Active,5,5,Idaho Golf Association,Tributary Golf Club Challenge,Tributary Golf Club Challenge,Idaho Golf Association,2026-07-01,2026-08-31,39,20,161,full-page OCR | full-page OCR | full-page OCR
Active,5,6,Idaho Golf Association,Emmett City Golf Course Challenge,Emmett City Golf Course Challenge,Idaho Golf Association,2026-07-01,2026-08-31,10,7,76,full-page OCR | full-page OCR | full-page OCR
Active,5,7,Idaho Golf Association,Desert Canyon Golf Course Challenge,Desert Canyon Golf Course Challenge,Idaho Golf Association,2026-07-01,2026-08-31,28,15,158,full-page OCR | full-page OCR | full-page OCR
Active,5,8,Indiana Golf Association,Ackerman-Allen Course Challenge,Ackerman-Allen Course Challenge,Indiana Golf Association,2026-05-02,2026-08-31,83,21,204,full-page OCR | full-page OCR | full-page OCR
Active,5,9,Idaho Golf Association,Gooding Country Club Challenge,Gooding Country Club Challenge,Idaho Golf Association,2026-07-01,2026-08-31,7,4,36,row-context OCR | row-context OCR | full-page OCR
Active,5,10,Georgia State Golf Association,GSGA GHIN Challenge,GSGA GHIN Challenge,Georgia State Golf Association,2026-05-04,2026-08-31,71,48,560,full-page OCR | full-page OCR | full-page OCR
Active,5,11,Idaho Golf Association,Country View Golf Course Challenge,Country View Golf Course Challenge,Idaho Golf Association,2026-07-01,2026-08-31,10,7,50,full-page OCR | corrected detail | full-page OCR
Active,5,12,Oklahoma Golf Association,‘Stone Creek Open,Stone Creek Open,Oklahoma Golf Association,2026-08-01,2026-09-30,86,13,100,full-page OCR | full-page OCR | full-page OCR
Active,5,13,Alabama Golf Association,Pikeville Country Club Challenge,SWANSEA COUNTRY CLUB Challenge,Mass Golf,2026-08-15,2026-09-30,33,1,39,full-page OCR | row-context OCR | full-page OCR
Active,5,14,Idaho Golf Association,Fairview Golf Course Challenge,Fairview Golf Course Challenge,Idaho Golf Association,2026-07-01,2026-08-31,7,7,39,full-page OCR | corrected detail | full-page OCR
Active,5,15,Montana State Golf Association,2026 GHIN Challenge @ Lake Hills Golf Cl...,2026 GHIN Challenge @ Johnny Walker C...,Montana State Golf Association,2026-08-01,2026-08-31,42,4,53,full-page OCR | corrected detail | full-page OCR
Active,5,16,Idaho Golf Association,Fremont County Golf Course Challenge,Fremont County Golf Course Challenge,Idaho Golf Association,2026-07-01,2026-08-31,9,6,62,full-page OCR | row-context OCR | full-page OCR
Active,5,17,Washington Golf,‘2026 1GA.GHIN Throwdown - Te,2026 IGA GHIN Throwdown - TCI,lowa Golf Association,2026-08-15,2026-09-15,17,2,17,full-page OCR | full-page OCR | full-page OCR
Active,5,18,Texas Golf Association,Lady Bird Johnson Golf Course 2026 Sum...,Lady Bird Johnson Golf Course 2026 Sum..,Texas Golf Association,2026-06-02,2026-08-30,78,32,453,full-page OCR | full-page OCR | full-page OCR
Active,5,19,Southern California Golf Association,SCGA fall Classic '26 - Mile Square,SCGA Fall Classic '26 - Mile Square,Southern California Golf Associ…..,2026-08-17,2026-10-31,46,1,48,full-page OCR | full-page OCR | full-page OCR
Active,5,20,Mass Golf,NEWTON CONMONWEALTHGE Challange,NEWTON COMMONWEALTH GC Challenge,Mass Golf,2026-08-15,2026-09-30,58,7,76,full-page OCR | row-context OCR | full-page OCR
Active,5,21,Metropolitan Golf Association,‘SCGA Fall Classic '26 - TrllogyGolfClub at...,SCGA Fall Classic '26 - Trilogy Golf Club at...,Southern California Golf Associ…..,2026-08-17,2026-10-31,22,0,23,full-page OCR | corrected detail | full-page OCR
Active,5,22,Indiana Golf Association,The Warren Golf Course at Notre Dame Ch...,The Warren Golf Course at Notre Dame Ch...,Indiana Golf Association,2026-05-02,2026-08-31,78,19,218,full-page OCR | full-page OCR | full-page OCR
Active,5,23,Idaho Golf Association,Bigwood Golf Course Challenge,Bigwood Golf Course Challenge,Idaho Golf Association,2026-07-01,2026-08-31,14,9,49,full-page OCR | full-page OCR | full-page OCR
Active,5,24,Idaho Golf Association,Challis Golf Course Challenge,Challis Golf Course Challenge,Idaho Golf Association,2026-07-01,2026-08-31,3,0,3,row-context OCR | corrected detail | full-page OCR
Active,5,25,Mass Golf,‘SCGA Fall Clastic '26 - Tieras Creek,SCGA Fall Classic '26 - Tjjeras Creek,Southern California Golf Associ…..,2026-08-17,2026-10-31,40,1,37,full-page OCR | corrected detail | full-page OCR
Active,6,1,Idaho Golf Association,Idaho Falls Country Club Challenge,Idaho Falls Country_Club Challenge,Idaho Golf Association,2026-07-01,2026-08-31,57,35,236,full-page OCR | full-page OCR | full-page OCR
Active,6,2,Texas Golf Association,Cleburne Golf Links 2026 Summer Challen...,Cleburne Golf Links 2026 Summer Challenge,Texas Golf Association,2026-06-01,2026-08-29,42,22,241,full-page OCR | full-page OCR | full-page OCR
Active,6,3,Texas Golf Association,Alamo City Golf Trail-Brackenridge Golf Co...,Alamo City Golf Trail-Brackenridge Golf Co...,Texas Golf Association,2026-05-28,2026-08-25,157,44,314,full-page OCR | full-page OCR | full-page OCR
Active,6,4,Idaho Golf Association,Chimney Rock Golf Course Challenge,Chimney Rock Golf Course Challenge,Idaho Golf Association,2026-07-01,2026-08-31,12,5,34,full-page OCR | full-page OCR | full-page OCR
Active,6,5,Idaho Golf Association,Juniper Hills Country Club Challenge,Juniper Hills Country_Club Challenge,Idaho Golf Association,2026-07-01,2026-08-31,17,7,41,full-page OCR | full-page OCR | full-page OCR
Active,6,6,Idaho Golf Association,Osprey Meadows at Tamarack Challenge,Osprey Meadows at Tamarack Challenge,Idaho Golf Association,2026-07-01,2026-08-31,30,10,69,full-page OCR | full-page OCR | full-page OCR
Active,6,7,Idaho Golf Association,Middle/North Challenge,North/South Challenge,Idaho Golf Association,2026-07-01,2026-08-31,27,14,87,full-page OCR | full-page OCR | full-page OCR
Active,6,8,Northern California Golf Association,"Fall Classic ""26 - Diamond Bar",SCGA Fall Classic '26 - Diamond Bar,Southern California Golf Associ….,2026-08-17,2026-10-31,33,0,21,full-page OCR | corrected detail | full-page OCR
Active,6,9,Texas Golf Association,Woodland Hills Golf Club 2026 Summer C...,Woodland Hills Golf Club 2026 Summer C...,Texas Golf Association,2026-06-01,2026-08-29,23,15,215,full-page OCR | full-page OCR | full-page OCR
Active,6,10,Texas Golf Association,Liberty Municipal Golf Course 2026 Summ... _,Liberty Municipal Golf Course 2026 Summ...,Texas Golf Association,2026-06-03,2026-08-31,19,9,60,full-page OCR | full-page OCR | full-page OCR
Active,6,11,Idaho Golf Association,Pleasant Valley Golf Course Challenge,Shadow Valley Golf Course Challenge,Idaho Golf Association,2026-07-01,2026-08-31,63,22,189,full-page OCR | full-page OCR | full-page OCR
Active,6,12,Southern California Golf Association,‘26 -LosRebtos,SCGA Fall Classic '26 - Los Robles Greens,Southern California Golf Associ….,2026-08-17,2026-10-31,44,1,38,full-page OCR | full-page OCR | full-page OCR
Active,6,13,Montana State Golf Association,2026.GHIN Challanga @ Yellowstone Club... Montana,2026 GHIN Challenge @ Yellowstone Club..,Montana State Golf Association,2026-08-01,2026-08-31,43,9,84,full-page OCR | full-page OCR | full-page OCR
Active,6,14,Idaho Golf Association,River Bend Golf Course Challenge,River Bend Golf Course Challenge,Idaho Golf Association,2026-07-01,2026-08-31,23,8,57,full-page OCR | full-page OCR | full-page OCR
Active,6,15,Texas Golf Association,Randolph Oaks Golf Course 2026 Summer...,Randolph Oaks Golf Course 2026 Summer ...,Texas Golf Association,2026-06-03,2026-08-31,69,47,579,full-page OCR | full-page OCR | full-page OCR
Active,6,16,Southern California Golf Association,all ‘26 - Anahsim Hil,SCGA Fall Classic '26 - Anaheim Hills,Southern California Golf Associ….,2026-08-17,2026-10-31,35,0,34,full-page OCR | corrected detail | full-page OCR
Active,6,17,Idaho Golf Association,Pinecrest Golf Course Challenge,Falcon Crest Golf Course Challenge,Idaho Golf Association,2026-07-01,2026-08-31,83,42,399,full-page OCR | full-page OCR | full-page OCR
Active,6,18,GAP,Challenege at Ed Oliver Gc cap,GAP Challenege at Ed Oliver G C,GAP,2026-08-14,2026-09-28,16,6,40,full-page OCR | full-page OCR | full-page OCR
Active,6,19,Texas Golf Association,Lago Vista Golf Course 2026 Summer Chal...,Lago Vista Golf Course 2026 Summer Chal...,Texas Golf Association,2026-06-03,2026-08-31,30,21,194,full-page OCR | full-page OCR | full-page OCR
Active,6,20,Idaho Golf Association,Whitetail Golf Club Challenge,Old Trail Golf Club Challenge,Virginia State Golf Association,2026-08-01,2026-08-31,48,20,122,full-page OCR | full-page OCR | full-page OCR
Active,6,21,Idaho Golf Association,Rivers Edge Golf Club at Burley Challenge,Rivers Edge Golf Club at Burley_Challenge,Idaho Golf Association,2026-07-01,2026-08-31,25,18,165,full-page OCR | full-page OCR | full-page OCR
Active,6,22,Southern California Golf Association,‘SCGA Fall Classic ‘26 - El Prado,SCGA Fall Classic '26 - El Prado,Southern California Golf Associ…..,2026-08-17,2026-10-31,24,0,15,full-page OCR | corrected detail | full-page OCR
Active,6,23,Georgia State Golf Association,Magnolia / Azalea Challenge,Birch/Cedar Challenge,Idaho Golf Association,2026-07-01,2026-08-31,5,4,16,full-page OCR | full-page OCR | full-page OCR
Active,6,24,Idaho Golf Association,Elk Valley Resort Challenge,Elk Valley Resort Challenge,Idaho Golf Association,2026-07-01,2026-08-31,4,3,18,full-page OCR | full-page OCR | full-page OCR
Active,6,25,Texas Golf Association,Gabe Lozano Golf Course 2026 Summer C...,Gabe Lozano Golf Course 2026 Summer C...,Texas Golf Association,2026-06-01,2026-08-29,62,21,177,full-page OCR | full-page OCR | full-page OCR
Active,7,1,Texas Golf Association,"Quail Valley Golf Course, El Dorado Course...","Quail Valley Golf Course, El Dorado Course….",Texas Golf Association,2026-06-02,2026-08-30,102,40,472,full-page OCR | full-page OCR | full-page OCR
Active,7,2,Minnesota Golf Association,Emily Greens Golf Course Challenge,Baker National Golf Course Challenge,Minnesota Golf Association,2026-08-19,2026-10-01,34,2,38,full-page OCR | row-context OCR | full-page OCR
Active,7,3,Idaho Golf Association,TimberStone Golf Course Challenge,RedHawk Golf Course Challenge,Idaho Golf Association,2026-07-01,2026-08-31,76,26,312,full-page OCR | full-page OCR | full-page OCR
Active,7,4,Idaho Golf Association,Jackpot Golf Course Challenge,Blackfoot Golf Course Challenge,Idaho Golf Association,2026-07-01,2026-08-31,36,26,206,full-page OCR | full-page OCR | full-page OCR
Active,7,5,Iowa Golf Association,IGA GHIN - Dodge Rivers...,2026 IGA GHIN Throwdown - Dodge Rivers...,lowa Golf Association,2026-08-15,2026-09-15,13,1,15,full-page OCR | full-page OCR | full-page OCR
Active,7,6,Idaho Golf Association,Silver Sage Golf Course Challenge,Purple Sage Golf Course Challenge,Idaho Golf Association,2026-07-01,2026-08-31,46,22,206,full-page OCR | full-page OCR | full-page OCR
Active,7,7,Virginia State Golf Association,London Downs Golf Course Challenge,GSGA GHIN Challenge,Georgia State Golf Association,2026-05-04,2026-08-31,69,26,381,full-page OCR | full-page OCR | full-page OCR
Active,7,8,Ohio Golf Association,July The Golf Club of Dublin Challenge,Cobbs Glen Challenge,Carolinas Golf Association,2026-08-01,2026-08-31,64,19,145,full-page OCR | full-page OCR | full-page OCR
Active,7,9,Idaho Golf Association,Centennial Golf Club Challenge,Whitetail Golf Club Challenge,Idaho Golf Association,2026-07-01,2026-08-31,40,26,211,full-page OCR | full-page OCR | full-page OCR
Active,7,10,Greater Cincinnati Golf Association,Aston Oaks Golf Club Challenge,Elkhorn Golf Club Challenge,Idaho Golf Association,2026-07-01,2026-08-31,55,35,347,full-page OCR | full-page OCR | full-page OCR
Active,7,11,Greater Cincinnati Golf Association,Stonelick Hills Golf Club Challenge,Lakeview Golf Club Challenge,Idaho Golf Association,2026-07-01,2026-08-31,95,71,651,full-page OCR | full-page OCR | full-page OCR
Active,7,12,Mass Golf,MEADOW AT PEABODY Challenge,THE MEADOW AT PEABODY Challenge,Mass Golf,2026-07-15,2026-08-31,125,37,266,full-page OCR | full-page OCR | full-page OCR
Active,7,13,Texas Golf Association,Gulf Winds Golf Course 2026 Summer Cha... _,Gulf Winds Golf Course 2026 Summer Cha...,Texas Golf Association,2026-06-01,2026-08-29,29,20,260,full-page OCR | full-page OCR | full-page OCR
Active,7,14,Greater Cincinnati Golf Association,Tri County Golf Ranch Challenge,93 Golf Ranch Challenge,Idaho Golf Association,2026-07-01,2026-08-31,38,26,315,full-page OCR | full-page OCR | full-page OCR
Active,7,15,Idaho Golf Association,Meadow Creek Golf Resort Challenge,Meadow Creek Golf Resort Challenge,Idaho Golf Association,2026-07-01,2026-08-31,26,15,114,full-page OCR | full-page OCR | full-page OCR
Active,7,16,Metropolitan Golf Association,chaltanga,South/North Challenge,Idaho Golf Association,2026-07-01,2026-08-31,16,7,55,full-page OCR | full-page OCR | full-page OCR
Active,7,17,Texas Golf Association,Eagle Pointe Golf Club 2026 Summer Chal...,Eagle Pointe Golf Club 2026 Summer Chall...,Texas Golf Association,2026-06-01,2026-08-29,73,48,488,full-page OCR | full-page OCR | full-page OCR
Active,7,18,Texas Golf Association,Los Lagos Golf Club 2026 Summer Challen...,Stonetree Golf Club 2026 Summer Challenge,Texas Golf Association,2026-06-03,2026-08-31,33,15,165,full-page OCR | full-page OCR | full-page OCR
Active,7,19,Greater Cincinnati Golf Association,Circling Hills Golf Course Challenge,Jefferson Hills Golf Course Challenge,Idaho Golf Association,2026-07-01,2026-08-31,55,33,240,full-page OCR | full-page OCR | full-page OCR
Active,7,20,Texas Golf Association,The Champions Course at Weeks Park 202...,The Champions Course at Weeks Park 202...,Texas Golf Association,2026-06-03,2026-08-31,38,19,192,full-page OCR | full-page OCR | full-page OCR
Active,7,21,Alabama Golf Association,Lakeview Country Club Challenge,Preston Country Club Challenge,Idaho Golf Association,2026-07-01,2026-08-31,29,17,128,full-page OCR | full-page OCR | full-page OCR
Active,7,22,Idaho Golf Association,Purple Sage Golf Course Challenge,Silver Sage Golf Course Challenge,Idaho Golf Association,2026-07-01,2026-08-31,13,10,122,full-page OCR | full-page OCR | full-page OCR
Active,7,23,Idaho Golf Association,Teton Reserve Challenge,Teton Reserve Challenge,Idaho Golf Association,2026-07-01,2026-08-31,51,27,200,full-page OCR | full-page OCR | full-page OCR
Active,7,24,Texas Golf Association,Cedar Crest Golf Course 2026 Summer Ch...,Cedar Crest Golf Course 2026 Summer Ch...,Texas Golf Association,2026-06-01,2026-08-29,194,40,398,full-page OCR | full-page OCR | full-page OCR
Active,7,25,Idaho Golf Association,Oregon Trail Country Club Challenge,Oregon Trail Country Club Challenge,Idaho Golf Association,2026-07-01,2026-08-31,20,16,168,full-page OCR | full-page OCR | full-page OCR
Active,8,1,Idaho Golf Association,Lakeview Golf Club Challenge,Centennial Golf Club Challenge,Idaho Golf Association,2026-07-01,2026-08-31,44,20,222,full-page OCR | full-page OCR | full-page OCR
Active,8,2,Idaho Golf Association,Twin Falls Golf Club Challenge,Twin Falls Golf Club Challenge,Idaho Golf Association,2026-07-01,2026-08-31,73,51,455,full-page OCR | full-page OCR | full-page OCR
Active,8,3,Southern California Golf Association,Fall Classe ‘26 - Industry Hills,SCGA Fall Classic '26 - Industry Hills,Southern California Golf Associ….,2026-08-17,2026-10-31,30,0,17,full-page OCR | corrected detail | full-page OCR
Active,8,4,Southern California Golf Association,‘SCGA Fall Classic ‘26 - La Mirada,SCGA Fall Classic '26 - La Mirada,Southern California Golf Associ.,2026-08-17,2026-10-31,25,0,18,full-page OCR | visual zero | full-page OCR
Active,8,5,Texas Golf Association,Hermann Park Golf Course 2026 Summer...,Hermann Park Golf Course 2026 Summer...,Texas Golf Association,2026-06-02,2026-08-30,89,25,208,full-page OCR | full-page OCR | full-page OCR
Active,8,6,Southern California Golf Association,‘SCGA Fall Classic ‘26 - Santa Anita,SCGA Fall Classic '26 - Santa Anita,Southern California Golf Associ..,2026-08-17,2026-10-31,32,1,36,full-page OCR | full-page OCR | full-page OCR
Active,8,7,Idaho Golf Association,Eagle Hills Golf Course Challenge,Eagle Hills Golf Course Challenge,Idaho Golf Association,2026-07-01,2026-08-31,54,23,234,full-page OCR | full-page OCR | full-page OCR
Active,8,8,Southern California Golf Association,fall Classic'06 - Santa Barbara,SCGA Fall Classic '26 - Santa Barbara,Southern California Golf Associ.,2026-08-17,2026-10-31,36,1,29,full-page OCR | full-page OCR | full-page OCR
Active,8,9,Indiana Golf Association,Plum Creek Golf Club Challenge,Plum Creek Golf Club Challenge,Indiana Golf Association,2026-05-02,2026-08-31,67,26,399,full-page OCR | full-page OCR | full-page OCR
Active,8,10,Southern California Golf Association,Fall Classic ‘26 - Brookside,SCGA Fall Classic '26 - Brookside,Southern California Golf Associ….,2026-08-17,2026-10-31,20,0,3,full-page OCR | corrected detail | full-page OCR
Active,8,11,Texas Golf Association,Mineola Country Club 2026 Summer Chall...,Mineola Country_Club 2026 Summer Chall...,Texas Golf Association,2026-06-03,2026-08-31,30,20,174,full-page OCR | full-page OCR | full-page OCR
Active,8,12,Idaho Golf Association,Salmon Valley Golf Course Challenge,Salmon Valley Golf Course Challenge,Idaho Golf Association,2026-07-01,2026-08-31,13,6,43,full-page OCR | full-page OCR | full-page OCR
Active,8,13,Idaho Golf Association,Quail Hollow Golf Course Challenge,Quail Hollow Golf Course Challenge,Idaho Golf Association,2026-07-01,2026-08-31,74,31,313,full-page OCR | full-page OCR | full-page OCR
Active,8,14,Idaho Golf Association,Targhee Village Golf Course Challenge,Targhee Village Golf Course Challenge,Idaho Golf Association,2026-07-01,2026-08-31,7,4,20,full-page OCR | full-page OCR | full-page OCR
Active,8,15,Minnesota Golf Association,The Wilderness At Fortune Bay Challenge,The Wilderness At Fortune Bay Challenge,Minnesota Golf Association,2026-05-26,2026-08-26,110,19,209,full-page OCR | full-page OCR | full-page OCR
Active,8,16,Southern California Golf Association,Fall Classic 26 - Soule Park,SCGA Fall Classic '26 - Soule Park,Southern California Golf Associ.,2026-08-17,2026-10-31,37,0,26,full-page OCR | corrected detail | full-page OCR
Active,8,17,Texas Golf Association,Hawks Creek Golf Club 2026 Summer Cha...,Hawks Creek Golf Club 2026 Summer Chal...,Texas Golf Association,2026-06-02,2026-08-30,148,33,332,full-page OCR | full-page OCR | full-page OCR
Active,8,18,Idaho Golf Association,Cascade Golf Course Challenge,TimberStone Golf Course Challenge,Idaho Golf Association,2026-07-01,2026-08-31,57,27,259,full-page OCR | full-page OCR | full-page OCR
Active,8,19,Western Pennsylvania Golf Association,Totteridge Golf Course Challenge,Totteridge Golf Course Challenge,Western Pennsylvania Golf Asso….,2026-06-01,2026-09-01,161,28,371,full-page OCR | full-page OCR | full-page OCR
Active,8,20,Idaho Golf Association,Rolling Hills Golf Course Challenge,Rolling Hills Golf Course Challenge,Idaho Golf Association,2026-07-01,2026-08-31,13,6,89,full-page OCR | full-page OCR | full-page OCR
Active,8,21,Texas Golf Association,Andrews County Golf Course 2026 Summe...,Andrews County_Golf Course 2026 Summe...,Texas Golf Association,2026-06-02,2026-08-30,31,9,76,full-page OCR | visual review | full-page OCR
Active,8,22,Idaho Golf Association,Highland Golf Course Challenge,Highland Golf Course Challenge,Idaho Golf Association,2026-07-01,2026-08-31,44,22,159,full-page OCR | full-page OCR | full-page OCR
Active,8,23,Iowa Golf Association,IGA GHIN Throwdown Saddleback...,2026 IGA GHIN Throwdown - Saddleback...,lowa Golf Association,2026-08-15,2026-09-15,26,0,22,full-page OCR | corrected detail | full-page OCR
Active,8,24,Wyoming State / Colorado GA,Airport Golf Club Challenge,Bell Nob Golf Club Challenge,Wyoming State / Colorado GA,2026-08-01,2026-09-16,77,23,151,full-page OCR | full-page OCR | full-page OCR
Active,8,25,Southern California Golf Association,Fall Cassie 26 - Hil,SCGA Fall Classic '26 - Jurupa Hills,Southern California Golf Associ...,2026-08-17,2026-10-31,22,0,14,full-page OCR | corrected detail | full-page OCR
Active,9,1,Alabama Golf Association,Cypress Lakes Challenge,Seven Lakes Challenge,Carolinas Golf Association,2026-08-01,2026-08-31,58,29,170,full-page OCR | full-page OCR | full-page OCR
Active,9,2,Southern California Golf Association,S0GA fall Cfansic 26 - riith Cars,SCGA Fall Classic '26 - Griffith Park,Southern California Golf Associ..,2026-08-17,2026-10-31,31,0,25,full-page OCR | corrected detail | full-page OCR
Active,9,3,Montana State Golf Association,2026 GHIN Challenge @ Stillwater Golf Co...,2026 GHIN Challenge@University_of Mon….,Montana State Golf Association,2026-08-01,2026-08-31,4,2,8,visual review | visual review | visual review
Active,9,4,Idaho Golf Association,Canyon Springs Golf Course Challenge,Canyon Springs Golf Course Challenge,Idaho Golf Association,2026-07-01,2026-08-31,29,11,82,full-page OCR | full-page OCR | full-page OCR
Active,9,5,Idaho Golf Association,River Park Golf Course Challenge,Pinecrest Golf Course Challenge,Idaho Golf Association,2026-07-01,2026-08-31,45,18,130,full-page OCR | full-page OCR | full-page OCR
Active,9,6,Montana State Golf Association,ROREGHINChallungy @stockEamm club...,2026 GHIN Challenge @ Stock Farm Club….,Montana State Golf Association,2026-08-01,2026-08-31,33,14,104,full-page OCR | full-page OCR | full-page OCR
Active,9,7,Idaho Golf Association,White Clouds Challenge,White Clouds Challenge,Idaho Golf Association,2026-07-01,2026-08-31,11,2,21,full-page OCR | full-page OCR | full-page OCR
Active,9,8,Idaho Golf Association,North/West Challenge,Ridgecrest Challenge,Idaho Golf Association,2026-07-01,2026-08-31,56,18,172,full-page OCR | full-page OCR | full-page OCR
Active,9,9,Georgia State Golf Association,GSGA GHIN Challenge,GSGA GHIN Challenge,Georgia State Golf Association,2026-05-04,2026-08-31,143,73,1065,full-page OCR | full-page OCR | full-page OCR
Active,9,10,Idaho Golf Association,Aspen/Birch Challenge,Aspen/Birch Challenge,Idaho Golf Association,2026-07-01,2026-08-31,68,37,298,full-page OCR | full-page OCR | full-page OCR
Active,9,11,Texas Golf Association,"Meadowbrook Country Club, Kilgore 2026...","Meadowbrook Country _Club, Kilgore 2026…..",Texas Golf Association,2026-06-01,2026-08-29,12,9,88,full-page OCR | full-page OCR | full-page OCR
Active,9,12,Texas Golf Association,Gaines County Golf Course 2026 Summer...,Gaines County Golf Course 2026 Summer...,Texas Golf Association,2026-06-02,2026-08-30,25,13,113,full-page OCR | full-page OCR | full-page OCR
Active,9,13,Idaho Golf Association,Clear Lake Country Club Challenge,Blue Lakes Country Club Challenge,Idaho Golf Association,2026-07-01,2026-08-31,47,37,247,full-page OCR | full-page OCR | full-page OCR
Completed,1,1,Carolinas Golf Association,Test Haracz Test Club Challenge,Test Haracz Test Club Challenge,Carolinas Golf Association,2025-10-02,2025-10-10,2,0,0,full-page OCR | corrected detail | corrected detail
Completed,1,2,Florida State Golf Association,Duran Golf Club Challenge,Duran Golf Club Challenge,Florida State Golf Association,2025-03-14,2025-05-14,134,75,768,full-page OCR | full-page OCR | full-page OCR
Completed,1,3,Florida State Golf Association,Plantation Palms Golf Club Challenge,Plantation Palms Golf Club Challenge,Florida State Golf Association,2025-03-14,2025-05-14,60,27,229,full-page OCR | full-page OCR | full-page OCR
Completed,1,4,Southern California Golf Association,Goose Creek Golf Club Challenge,Goose Creek Golf Club Challenge,Southern California Golf Associ..,2025-10-06,2025-10-31,14,0,2,full-page OCR | corrected detail | row-context OCR
Completed,1,5,Alabama Golf Association,Highland Park Golf Course Challenge,Highland Park Golf Course Challenge,Alabama Golf Association,2025-10-01,2025-10-31,25,4,43,full-page OCR | full-page OCR | full-page OCR
Completed,1,6,Rochester District Golf Association,RDGA October Cragie Brae Challenge,RDGA October Cragie Brae Challenge,Rochester District Golf Associat..,2025-10-01,2025-10-31,8,5,20,corrected detail | full-page OCR | full-page OCR
Completed,1,7,Texas Golf Association,Champion Lakes Golf Course Challenge,Champion Lakes Golf Course Challenge,Texas Golf Association,2025-11-01,2025-11-30,54,24,162,full-page OCR | full-page OCR | full-page OCR
Completed,1,8,Rochester District Golf Association,RDGA October Durand Eastman Challenge,RDGA October Durand Eastman Challenge,Rochester District Golf Associat…..,2025-10-01,2025-10-31,5,0,3,full-page OCR | corrected detail | corrected detail
Completed,1,9,Florida State Golf Association,Spessard Holland Golf Course Challenge,Spessard Holland Golf Course Challenge|,Florida State Golf Association,2025-03-14,2025-05-14,20,8,66,full-page OCR | corrected detail | full-page OCR
Completed,1,10,Florida State Golf Association,Habitat Golf Club Challenge,Habitat Golf Club Challenge,Florida State Golf Association,2025-03-14,2025-05-14,62,33,348,full-page OCR | full-page OCR | full-page OCR
Completed,1,11,Nevada Golf,Las Vegas National Challenge,Las Vegas National Challenge,Nevada Golf,2025-03-14,2025-05-14,128,37,324,full-page OCR | full-page OCR | full-page OCR
Completed,1,12,Nevada Golf,Boulder City Muni Challenge,Boulder City Muni Challenge,Nevada Golf,2025-03-14,2025-05-14,99,60,503,full-page OCR | full-page OCR | full-page OCR
Completed,1,13,Northern California Golf Association,Haggin Oaks - MacKenzie Challenge,Haggin Oaks - MacKenzie Challenge,Northern California Golf Associ.,2025-03-14,2025-05-14,185,61,448,full-page OCR | full-page OCR | full-page OCR
Completed,1,14,Northern California Golf Association,Black Horse Challenge,Black Horse Challenge,Northern California Golf Associ….,2025-03-14,2025-05-14,98,28,198,full-page OCR | full-page OCR | full-page OCR
Completed,1,15,Northern California Golf Association,The Course at Wente Vineyards Challenge,The Course at Wente Vineyards Challenge,Northern California Golf Associ..,2025-03-14,2025-05-14,130,48,569,full-page OCR | full-page OCR | full-page OCR
Completed,1,16,Louisiana Golf Association,Querbes Park GC Challenge,Querbes Park GC Challenge,Louisiana Golf Association,2025-03-14,2025-05-14,66,45,380,full-page OCR | full-page OCR | full-page OCR
Completed,1,17,Alabama Golf Association,Gulf Shores Golf Club Challenge,Gulf Shores Golf Club Challenge,Alabama Golf Association,2025-12-02,2025-12-31,15,8,56,full-page OCR | full-page OCR | full-page OCR
Completed,1,18,Alabama Golf Association,Highland Park Golf Course Challenge,Highland Park Golf Course Challenge,Alabama Golf Association,2025-12-02,2025-12-31,15,3,19,full-page OCR | row-context OCR | full-page OCR
Completed,1,19,Alabama Golf Association,Timberline Golf Club Challenge,Timberline Golf Club Challenge,Alabama Golf Association,2025-12-02,2025-12-31,23,13,73,full-page OCR | full-page OCR | full-page OCR
Completed,1,20,Virginia State Golf Association,Heron Ridge Golf Club Challenge,Heron Ridge Golf Club Challenge,Virginia State Golf Association,2025-10-24,2025-11-14,34,13,88,full-page OCR | full-page OCR | full-page OCR
Completed,1,21,Louisiana Golf Association,Timberlane G&RC GHIN Challenge,Timberlane G&RC GHIN Challenge,Louisiana Golf Association,2025-10-09,2025-10-31,4,4,18,full-page OCR | full-page OCR | full-page OCR
Completed,1,22,Florida State Golf Association,Marcus Pointe Golf Club Challenge,Marcus Pointe Golf Club Challenge,Florida State Golf Association,2026-05-15,2026-06-14,58,26,197,full-page OCR | full-page OCR | full-page OCR
Completed,1,23,Metropolitan Golf Association,Links on the Bayou Challenge,Links on the Bayou Challenge,Louisiana Golf Association,2025-03-14,2025-05-14,17,6,55,full-page OCR | full-page OCR | full-page OCR
Completed,1,24,Utah Golf Association,Southgate GC Challenge,Southgate GC Challenge,Utah Golf Association,2025-03-14,2025-05-14,52,15,110,full-page OCR | full-page OCR | full-page OCR
Completed,1,25,Utah Golf Association,St George GC Challenge,St George GC Challenge,Utah Golf Association,2025-03-14,2025-05-14,34,6,70,full-page OCR | full-page OCR | full-page OCR
Completed,2,1,Metropolitan Golf Association,Papago Golf Course Challenge,Papago Golf Course Challenge,Arizona Golf Association,2025-03-14,2025-05-14,116,32,229,full-page OCR | full-page OCR | full-page OCR
Completed,2,2,Arizona Golf Association,Dobson Ranch Golf Course Challenge,Dobson Ranch Golf Course Challenge,Arizona Golf Association,2025-03-14,2025-05-14,113,35,275,full-page OCR | full-page OCR | full-page OCR
Completed,2,3,Arizona Golf Association,Randolph North Challenge,Randolph North Challenge,Arizona Golf Association,2025-03-14,2025-05-14,87,35,220,full-page OCR | full-page OCR | full-page OCR
Completed,2,4,Southern California Golf Association,Vista Valencia GC (Vista) Challenge,Vista Valencia GC (Vista) Challenge,Southern California Golf Associ..,2025-03-14,2025-05-14,98,50,404,full-page OCR | full-page OCR | full-page OCR
Completed,2,5,Alabama Golf Association,Lakes/Cypress Challenge,Twin Oaks Golf Course Challenge,Southern California Golf Associ.,2025-03-14,2025-05-14,144,32,269,full-page OCR | full-page OCR | full-page OCR
Completed,2,6,Southern California Golf Association,Los Verdes Golf Course Challenge,Los Verdes Golf Course Challenge,Southern California Golf Associ.,2025-03-14,2025-05-14,191,101,741,full-page OCR | full-page OCR | full-page OCR
Completed,2,7,Alabama Golf Association,Valley Course Challenge,Valley Course Challenge,Alabama Golf Association,2025-12-02,2025-12-31,19,4,29,full-page OCR | full-page OCR | full-page OCR
Completed,2,8,GAP,GAP Challenge - Win Prizes at Allentown M...,GAP Challenge - Win Prizes at Allentown M...,GAP,2025-10-14,2025-11-14,50,14,106,full-page OCR | full-page OCR | full-page OCR
Completed,2,9,Alabama Golf Association,Azalea City Golf Course Challenge,Azalea City Golf Course Challenge,Alabama Golf Association,2025-12-02,2025-12-31,12,4,25,full-page OCR | full-page OCR | full-page OCR
Completed,2,10,Nebraska Golf Association,NebGolf Fall Challenge - Wayne CC,NebGolf Fall Challenge - Wayne CC|,Nebraska Golf Association,2025-10-01,2025-10-31,11,6,26,full-page OCR | full-page OCR | full-page OCR
Completed,2,11,Texas Golf Association,"Arlington Golf Assoc, Tierra Verde Golf Clu...","Arlington Golf Assoc, Tierra Verde Golf Clu...",Texas Golf Association,2026-02-01,2026-02-28,26,5,48,full-page OCR | full-page OCR | full-page OCR
Completed,2,12,Tennessee Golf Association,GreyStone Golf Club Challenge - October,GreyStone Golf Club Challenge - October,Tennessee Golf Association,2025-10-19,2025-10-31,14,1,19,full-page OCR | full-page OCR | full-page OCR
Completed,2,13,Rochester District Golf Association,RDGA October Lima Charleston Pines Chall...,RDGA October Lima Charleston Pines Chal...,Rochester District Golf Associat.,2025-10-01,2025-10-31,11,2,20,full-page OCR | full-page OCR | full-page OCR
Completed,2,14,Greater Cincinnati Golf Association,World of Golf Challenge,Tri County Golf Ranch Challenge,Greater Cincinnati Golf Associa...,2026-05-01,2026-07-31,0,0,0,corrected detail | corrected detail | corrected detail
Completed,2,15,Ohio Golf Association,Safari GC Challenge,July Safari GC Challenge,Ohio Golf Association,2026-07-01,2026-07-31,27,3,33,full-page OCR | full-page OCR | full-page OCR
Completed,2,16,Golf Association of Michigan,WASHTENAW GOLF CLUB Challenge,WASHTENAW GOLF CLUB Challenge,Golf Association of Michigan,2025-10-01,2025-10-31,32,16,124,full-page OCR | full-page OCR | full-page OCR
Completed,2,17,Southern California Golf Association,Los Verdes Golf Course Challenge,Los Verdes Golf Course Challenge,Southern California Golf Associ...,2025-10-06,2025-10-31,88,25,150,full-page OCR | full-page OCR | full-page OCR
Completed,2,18,Indiana Golf Association,The Warren Golf Course at Notre Dame Ch...,The Warren Golf Course at Notre Dame Ch…..,Indiana Golf Association,2025-10-06,2025-10-31,20,5,38,full-page OCR | full-page OCR | full-page OCR
Completed,2,19,Utah Golf Association,Highlands Challenge,Highlands Challenge,Alabama Golf Association,2025-12-02,2025-12-31,17,6,32,full-page OCR | full-page OCR | full-page OCR
Completed,2,20,Golf Association of Michigan,MICHAYWE PINES GOLF COURSE Challenge,MICHAYWE PINES GOLF COURSE Challenge,Golf Association of Michigan,2025-10-01,2025-10-31,5,0,4,full-page OCR | corrected detail | full-page OCR
Completed,2,21,Louisiana Golf Association,Chennault Park GC GHIN Course Challenge,Chennault Park GC GHIN Course Challenge,Louisiana Golf Association,2025-10-09,2025-10-31,5,0,4,corrected detail | corrected detail | full-page OCR
Completed,2,22,Rochester District Golf Association,RDGA October Silver Lake Challenge,RDGA October Silver Lake Challenge,Rochester District Golf Associat...,2025-10-01,2025-10-31,5,0,5,full-page OCR | corrected detail | full-page OCR
Completed,2,23,Minnesota Golf Association,Baker National Golf Course Challenge,Baker National Golf Course Challenge,Minnesota Golf Association,2025-10-20,2025-10-31,22,4,36,full-page OCR | full-page OCR | full-page OCR
Completed,2,24,GAP,Gap Challenge - Win Prizes at The Rookery,Gap Challenge - Win Prizes at The Rookery.,GAP,2025-10-14,2025-11-14,47,19,147,full-page OCR | full-page OCR | full-page OCR
Completed,2,25,Rochester District Golf Association,RDGA October Centerpointe Challenge,RDGA October Centerpointe Challenge,Rochester District Golf Associat..,2025-10-01,2025-10-31,8,4,24,corrected detail | full-page OCR | full-page OCR
Completed,3,1,South Dakota Golf Association,Bakker Crossing Golf Course Challenge,Bakker Crossing Golf Course Challenge,South Dakota Golf Association,2025-10-19,2025-10-31,18,3,28,full-page OCR | row-context OCR | full-page OCR
Completed,3,2,Florida State Golf Association,Heritage Isles Golf & Country Club Challenge,Heritage Isles Golf & Country Club Challenge,Florida State Golf Association,2025-11-15,2025-12-14,47,25,143,full-page OCR | full-page OCR | full-page OCR
Completed,3,3,Rochester District Golf Association,RDGA October Livingston Challenge,RDGA October Livingston Challenge,Rochester District Golf Associat...,2025-10-01,2025-10-31,14,5,49,full-page OCR | full-page OCR | full-page OCR
Completed,3,4,South Dakota Golf Association,The Bluffs Challenge,The Bluffs Challenge,South Dakota Golf Association,2025-10-19,2025-10-31,5,1,6,full-page OCR | full-page OCR | full-page OCR
Completed,3,5,Nebraska Golf Association,NebGolf Fall Challenge - Jackrabbit Run GC,NebGolf Fall Challenge - Jackrabbit Run GC,Nebraska Golf Association,2025-10-01,2025-10-31,7,3,18,full-page OCR | full-page OCR | full-page OCR
Completed,3,6,Tennessee Golf Association,Ted Rhodes Golf Course Challenge - October,Ted Rhodes Golf Course Challenge - October,Tennessee Golf Association,2025-10-19,2025-10-31,12,1,16,full-page OCR | full-page OCR | full-page OCR
Completed,3,7,Mass Golf,GREEN HILL GOLF COURSE Challenge,GREEN HILL GOLF COURSE Challenge,Mass Golf,2025-10-15,2025-11-14,24,10,78,full-page OCR | full-page OCR | full-page OCR
Completed,3,8,Alabama Golf Association,Pine Hill Country Club Challenge,Pine Hill Country _Club Challenge,Alabama Golf Association,2026-01-06,2026-02-28,5,1,7,row-context OCR | full-page OCR | full-page OCR
Completed,3,9,Alabama Golf Association,Colonial Golf Club Challenge,Colonial Golf Club Challenge,Alabama Golf Association,2026-01-06,2026-02-28,29,13,135,full-page OCR | full-page OCR | full-page OCR
Completed,3,10,Montana State Golf Association,2026 GHIN Challenge @ Bill Roberts Golf...,2026 GHIN Challenge@ Bill Roberts Golf….,Montana State Golf Association,2026-05-01,2026-05-31,109,64,439,full-page OCR | full-page OCR | full-page OCR
Completed,3,11,Iowa Golf Association,The Fall GHIN-Off at The Ridge,The Fall GHIN-Off at The Ridge,lowa Golf Association,2025-10-08,2025-10-31,39,20,193,full-page OCR | full-page OCR | full-page OCR
Completed,3,12,Texas Golf Association,Tempest Golf Club Challenge,Tempest Golf Club Challenge,Texas Golf Association,2025-11-01,2025-11-30,33,15,95,full-page OCR | full-page OCR | full-page OCR
Completed,3,13,Alabama Golf Association,Ross Bridge Golf Course Challenge,Ross Bridge Golf Course Challenge,Alabama Golf Association,2025-10-01,2025-10-31,43,1,43,full-page OCR | full-page OCR | full-page OCR
Completed,3,14,Tennessee Golf Association,Henry Horton Golf Challenge- October,Henry Horton Golf Challenge- October,Tennessee Golf Association,2025-10-19,2025-10-31,3,0,2,full-page OCR | corrected detail | full-page OCR
Completed,3,15,Texas Golf Association,Sherrill Park Course #1 Challenge,Sherrill Park Course w1 Challenge,Texas Golf Association,2025-11-01,2025-11-30,89,17,143,full-page OCR | full-page OCR | full-page OCR
Completed,3,16,Virginia State Golf Association,Stonewall Golf Club Challenge,Stonewall Golf Club Challenge,Virginia State Golf Association,2025-10-24,2025-11-14,14,0,12,full-page OCR | corrected detail | full-page OCR
Completed,3,17,New Jersey Golf,Francis Byrne Golf Course Challenge,Francis Byrne Golf Course Challenge,New Jersey Golf,2025-10-18,2025-11-14,87,19,161,full-page OCR | full-page OCR | full-page OCR
Completed,3,18,Florida State Golf Association,Lansbrook Golf Club Challenge,Lansbrook Golf Club Challenge,Florida State Golf Association,2025-11-15,2025-12-14,32,11,70,full-page OCR | full-page OCR | full-page OCR
Completed,3,19,Southern California Golf Association,Santa Barbara Golf Club Challenge,Santa Barbara Golf Club Challenge,Southern California Golf Associ….,2025-10-06,2025-10-31,53,20,113,full-page OCR | full-page OCR | full-page OCR
Completed,3,20,Virginia State Golf Association,Blue Hills Golf Club Challenge,Blue Hills Golf Club Challenge,Virginia State Golf Association,2025-10-24,2025-11-14,17,6,36,full-page OCR | full-page OCR | full-page OCR
Completed,3,21,Alabama Golf Association,Ol Colony Golf Complex Challenge,Ol' Colony Golf Complex Challenge,Alabama Golf Association,2025-12-02,2025-12-31,11,3,21,full-page OCR | full-page OCR | full-page OCR
Completed,3,22,Golf Association of Michigan,LINCOLN HILLS GOLF CLUB Challenge,LINCOLN HILLS GOLF CLUB Challenge,Golf Association of Michigan,2025-10-01,2025-10-31,29,13,87,full-page OCR | full-page OCR | full-page OCR
Completed,3,23,Montana State Golf Association,MSGA Challenge - Beaverhead GC,MSGA Challenge - Beaverhead GC,Montana State Golf Association,2025-10-06,2025-10-31,2,1,3,full-page OCR | full-page OCR | full-page OCR
Completed,3,24,Alabama Golf Association,Falls Challenge,Falls Challenge,Alabama Golf Association,2025-12-02,2025-12-31,21,1,26,full-page OCR | full-page OCR | full-page OCR
Completed,3,25,Texas Golf Association,Jersey Meadow Golf Course Challenge,Jersey Meadow Golf Course Challenge,Texas Golf Association,2025-11-01,2025-11-30,53,13,99,full-page OCR | full-page OCR | full-page OCR
Completed,4,1,Oklahoma Golf Association,Kickingbird Golf Club Challenge,Kickingbird Golf Club Challenge,Oklahoma Golf Association,2025-10-15,2025-11-30,55,18,129,full-page OCR | full-page OCR | full-page OCR
Completed,4,2,Alabama Golf Association,Cumberland Lake Golf Course Challenge,Cumberland Lake Golf Course Challenge,Alabama Golf Association,2026-01-06,2026-02-28,7,4,43,full-page OCR | full-page OCR | full-page OCR
Completed,4,3,Southern California Golf Association,SCGA Summer Challenge '26,SCGA Summer Challenge '26,Southern California Golf Associ…..,2026-06-01,2026-08-14,95,22,279,full-page OCR | full-page OCR | full-page OCR
Completed,4,4,Nebraska Golf Association,NebGolf Fall Challenge - Sky View GC,NebGolf Fall Challenge - Sky View GC,Nebraska Golf Association,2025-10-01,2025-10-31,11,6,53,full-page OCR | full-page OCR | full-page OCR
Completed,4,5,New Jersey Golf,Howell Park Golf Course Challenge,Howell Park Golf Course Challenge,New Jersey Golf,2025-10-18,2025-11-14,48,4,66,full-page OCR | full-page OCR | full-page OCR
Completed,4,6,Minnesota Golf Association,Valleywood Golf Course Challenge,Valleywood Golf Course Challenge,Minnesota Golf Association,2025-10-20,2025-10-31,4,0,3,full-page OCR | corrected detail | row-context OCR
Completed,4,7,Florida State Golf Association,Clearwater Country Club Challenge,Clearwater Country_Club Challenge,Florida State Golf Association,,2025-12-14,33,18,167,full-page OCR | full-page OCR | full-page OCR
Completed,4,8,Rochester District Golf Association,RDGA October Terry Hills East North (1-18...,RDGA October Terry Hills East North (1•1...,Rochester District Golf Associat…..,2025-10-01,2025-10-31,10,0,10,full-page OCR | corrected detail | full-page OCR
Completed,4,9,Rochester District Golf Association,RDGA October Lima Island Oaks Challenge,RDGA October Lima Island Oaks Challenge,Rochester District Golf Associat….,2025-10-01,2025-10-31,5,2,10,full-page OCR | full-page OCR | full-page OCR
Completed,4,10,New Jersey Golf,Quail Brook Golf Course Challenge,Quail Brook Golf Course Challenge,New Jersey Golf,2025-10-18,2025-11-14,38,6,50,full-page OCR | full-page OCR | full-page OCR
Completed,4,11,Rochester District Golf Association,RDGA October Sycamore Challenge,RDGA October Sycamore Challenge,Rochester District Golf Associat...,2025-10-01,2025-10-31,30,10,62,full-page OCR | full-page OCR | full-page OCR
Completed,4,12,Rochester District Golf Association,RDGA October Salmon Creek Challenge,ROGA October Salmon Creek Challenge,Rochester District Golf Associat…,2025-10-01,2025-10-31,9,4,21,corrected detail | full-page OCR | full-page OCR
Completed,4,13,Rochester District Golf Association,RDGA October Old Hickory Challenge,RDGA October Old Hickory _Challenge,Rochester District Golf Associat...,2025-10-01,2025-10-31,6,3,20,corrected detail | full-page OCR | full-page OCR
Completed,4,14,Tennessee Golf Association,Towhee Club Challenge - October,Towhee Club Challenge - October,Tennessee Golf Association,2025-10-19,2025-10-31,12,1,14,full-page OCR | full-page OCR | full-page OCR
Completed,4,15,Alabama Golf Association,The Pines of Chatom Challenge,The Pines of Chatom Challenge,Alabama Golf Association,2026-01-06,2026-02-28,9,6,31,full-page OCR | full-page OCR | full-page OCR
Completed,4,16,Golf Association of Michigan,NORTHVILLE HILLS GC Challenge,NORTHVILLE HILLS GC Challenge,Golf Association of Michigan,2025-10-01,2025-10-31,53,8,85,full-page OCR | corrected detail | full-page OCR
Completed,4,17,Iowa Golf Association,The Fall GHIN-Off at Waveland,The Fall GHIN-Off at Waveland,lowa Golf Association,2025-10-08,2025-10-31,32,10,64,full-page OCR | full-page OCR | full-page OCR
Completed,4,18,Greater Cincinnati Golf Association,Blue/Red Challenge,Blue/Red Challenge,Greater Cincinnati Golf Associa...,2026-05-01,2026-07-31,5,1,7,full-page OCR | full-page OCR | full-page OCR
Completed,4,19,Alabama Golf Association,Twin Pines Challenge,Twin Pines Challenge,Alabama Golf Association,2026-03-03,2026-05-31,1,0,2,full-page OCR | corrected detail | row-context OCR
Completed,4,20,Alabama Golf Association,Goose Pond Colony Challenge,Goose Pond Colony_Challenge,Alabama Golf Association,2025-12-02,2025-12-31,5,2,12,full-page OCR | full-page OCR | full-page OCR
Completed,4,21,Rochester District Golf Association,RDGA October Deerfield North/South (1-1...,RDGA October Deerfeld North/South (1-1…..,Rochester District Golf Associat…,2025-10-01,2025-10-31,43,19,105,full-page OCR | full-page OCR | full-page OCR
Completed,4,22,Rochester District Golf Association,RDGA October Victor Hills North Challenge,RDGA October Victor Hills North Challenge,Rochester District Golf Associat…..,2025-10-01,2025-10-31,11,8,55,full-page OCR | corrected detail | full-page OCR
Completed,4,23,Texas Golf Association,"Clay/Kizer Golf Club, Roy Kizer Challenge","Clay/Kizer Golf Club, Roy Kizer Challenge",Texas Golf Association,2025-11-01,2025-11-30,94,15,136,full-page OCR | full-page OCR | full-page OCR
Completed,4,24,Rochester District Golf Association,RDGA October Twin Hills Challenge,ROGA October Twin Hills Challenge,Rochester District Golf Associat…..,2025-10-01,2025-10-31,10,0,11,full-page OCR | corrected detail | full-page OCR
Completed,4,25,Rochester District Golf Association,RDGA October Wayne Hills Challenge,RDGA October Wayne Hills Challenge,Rochester District Golf Associat….,2025-10-01,2025-10-31,37,15,106,full-page OCR | full-page OCR | full-page OCR
Completed,5,1,Rochester District Golf Association,RDGA October Webster Challenge,RDGA October LeRoy_Challenge,Rochester District Golf Associat…,2025-10-01,2025-10-31,0,0,9,visual zero | visual zero | full-page OCR
Completed,5,2,Rochester District Golf Association,RDGA October Hickory Ridge Challenge,RDGA October Hickory Ridge Challenge,Rochester District Golf Associat….,2025-10-01,2025-10-31,2,1,5,full-page OCR | full-page OCR | full-page OCR
Completed,5,3,Rochester District Golf Association,RDGA October Conesus Challenge,RDGA October Conesus Challenge,Rochester District Golf Associat..,2025-10-01,2025-10-31,6,1,9,full-page OCR | full-page OCR | full-page OCR
Completed,5,4,Connecticut State Golf Association,Rockledge GC 2025 Season End Challenge,Rockledge GC 2025 Season End Challenge,Connecticut State Golf Associat...,2025-10-01,2025-11-14,69,19,172,full-page OCR | full-page OCR | full-page OCR
Completed,5,5,Iowa Golf Association,The Fall GHIN-Off at Prairie Links,The Fall GHIN-Off at Prairie Links,lowa Golf Association,2025-10-08,2025-10-31,22,9,65,full-page OCR | full-page OCR | full-page OCR
Completed,5,6,New Jersey Golf,Hominy Hill Golf Course Challenge,Hominy Hill Golf Course Challenge,Now Jersey Golf,2025-10-18,2025-11-14,101,21,163,full-page OCR | full-page OCR | full-page OCR
Completed,5,7,Idaho Golf Association,Gooding Country Club Challenge,Gooding Country _Club Challenge,Idaho Golf Association,2026-06-01,2026-06-30,6,3,25,visual review | corrected detail | full-page OCR
Completed,5,8,Rochester District Golf Association,RDGA October Mill Creek Challenge,ROGA October Mill Creek Challenge,Rochester District Golf Associat...,2025-10-01,2025-10-31,21,7,45,full-page OCR | full-page OCR | full-page OCR
Completed,5,9,Alabama Golf Association,Woodward Golf & Country Club Challenge,Woodward Golf & Country_Club Challenge,Alabama Golf Association,2026-01-06,2026-02-28,18,9,77,full-page OCR | full-page OCR | full-page OCR
Completed,5,10,Montana State Golf Association,2026 GHIN Challenge @ Spanish Peaks Mo...,2026 GHIN Challenge_@ Judith Shadows..,Montana State Golf Association,2026-07-01,2026-07-31,3,0,4,full-page OCR | visual zero | full-page OCR
Completed,5,11,GAP,GAP Challenge - Win Prizes at Overlook,GAP Challenge - Win Prizes at Overlook,GAP,2025-10-17,2025-11-15,27,11,61,full-page OCR | full-page OCR | full-page OCR
Completed,5,12,Alabama Golf Association,Cider Ridge Golf Club Challenge,Cider Ridge Golf Club Challenge,Alabama Golf Association,2025-12-02,2025-12-31,7,1,10,full-page OCR | full-page OCR | full-page OCR
Completed,5,13,Montana State Golf Association,2026 GHIN Challenge @ Airport Golf Club ...,2026 GHIN Challenge_@ Airport Golf Club.,Montana State Golf Association,2026-06-01,2026-06-30,2,0,0,full-page OCR | corrected detail | corrected detail
Completed,5,14,Montana State Golf Association,2026 GHIN Challenge @ Polson Bay Cham...,2026 GHIN Challenge_@ Polson Bay_Cham…,Montana State Golf Association,2026-07-01,2026-07-31,95,58,474,full-page OCR | full-page OCR | full-page OCR
Completed,5,15,Oklahoma Golf Association,Page Stone Creek Challenge,Page Stone Creek Challenge,Oklahoma Golf Association,2025-10-15,2025-11-30,22,8,53,full-page OCR | full-page OCR | full-page OCR
Completed,5,16,Oklahoma Golf Association,Lincoln Park West Challenge,Lincoln Park West Challenge,Oklahoma Golf Association,2025-10-15,2025-11-30,43,6,72,full-page OCR | full-page OCR | full-page OCR
Completed,5,17,South Dakota Golf Association,Meadowbrook Golf Course Challenge,Meadowbrook Golf Course Challenge,South Dakota Golf Association,2025-10-19,2025-10-31,12,4,28,full-page OCR | full-page OCR | full-page OCR
Completed,5,18,Mass Golf,CRANBERRY VALLEY GOLF COURSE Challenge,CRANBERRY VALLEY GOLF COURSE Challe...,Mass Golf,2025-10-15,2025-11-14,38,7,66,full-page OCR | full-page OCR | full-page OCR
Completed,5,19,Mass Golf,SAGAMORE SPRING GOLF CLUB Challenge,SAGAMORE SPRING GOLF CLUB Challenge,Mass Golf|,2025-10-15,2025-11-14,43,10,71,full-page OCR | full-page OCR | full-page OCR
Completed,5,20,Florida State Golf Association,Dunedin Golf Club Challenge,Dunedin Golf Club Challenge,Florida State Golf Association,2025-11-15,2025-12-14,69,33,257,full-page OCR | full-page OCR | full-page OCR
Completed,5,21,Rochester District Golf Association,ROGA October The Links at Greystone Chal...,RDGA October The Links at Greystone Chal….,Rochester District Golf Associat..,2025-10-01,2025-10-31,34,10,75,full-page OCR | full-page OCR | full-page OCR
Completed,5,22,Southern California Golf Association,Coronado Golf Club Challenge,Coronado Golf Club Challenge,Southern California Golf Associ..,2025-10-06,2025-10-31,83,12,139,full-page OCR | full-page OCR | full-page OCR
Completed,5,23,Alabama Golf Association,Valley Course Challenge,Valley Course Challenge,Alabama Golf Association,2025-10-01,2025-10-31,49,9,76,full-page OCR | full-page OCR | full-page OCR
Completed,5,24,Montana State Golf Association,MSGA Challenge - Lake Hills GC,MSGA Challenge - Lake Hills GC,Montana State Golf Association,2025-10-06,2025-10-31,15,1,23,full-page OCR | full-page OCR | full-page OCR
Completed,5,25,Rochester District Golf Association,RDGA October Eagle Vale Challenge,RDGA October Eagle Vale Challenge,Rochester District Golf Associat…,2025-10-01,2025-10-31,11,1,17,full-page OCR | full-page OCR | full-page OCR
Completed,6,1,Alabama Golf Association,Alpine Bay Golf Club Challenge,Alpine Bay Golf Club Challenge,Alabama Golf Association,2026-01-06,2026-02-28,8,4,25,corrected detail | full-page OCR | full-page OCR
Completed,6,2,Rochester District Golf Association,RDGA October Batavia Challenge,RDGA October Batavia Challenge,Rochester District Golf Associat…..,2025-10-01,2025-10-31,9,3,22,full-page OCR | full-page OCR | full-page OCR
Completed,6,3,Rochester District Golf Association,RDGA October Morgan's Crossing Challenge,RDGA October Morgan's Crossing Challenge,Rochester District Golf Associat.,2025-10-01,2025-10-31,12,2,19,full-page OCR | corrected detail | full-page OCR
Completed,6,4,Metropolitan Golf Association,2026 GHIN Challenge @ Chinook Golf Clu...,2026 GHIN Challenge @ Chinook Golf Clu…,Montana State Golf Association,2026-05-01,2026-05-31,1,0,1,full-page OCR | visual review | full-page OCR
Completed,6,5,Alabama Golf Association,Blackberry Trail Challenge,Blackberry Trail Challenge,Alabama Golf Association,2025-12-02,2025-12-31,6,4,16,full-page OCR | full-page OCR | full-page OCR
Completed,6,6,Rochester District Golf Association,RDGA October Ravenwood Challenge,RDGA October Ravenwood Challenge,Rochester District Golf Associat..,2025-10-01,2025-10-31,42,11,110,full-page OCR | full-page OCR | full-page OCR
Completed,6,7,Nebraska Golf Association,NebGolf Fall Challenge - Highlands GC,NebGolf Fall Challenge - Highlands GC,Nebraska Golf Association,2025-10-01,2025-10-31,56,8,84,full-page OCR | corrected detail | full-page OCR
Completed,6,8,Metropolitan Golf Association,2026 Summer Showdown - Palmer Hills,2026 Summer Showdown - Palmer Hills,lowa Golf Association,2026-06-15,2026-07-15,51,29,202,full-page OCR | full-page OCR | full-page OCR
Completed,6,9,Connecticut State Golf Association,Rolling Meadows CC 2025 Season End Cha...,Rolling Meadows CC 2025 Season End Cha...,Connecticut State Golf Associat...,2025-10-01,2025-11-14,22,4,33,full-page OCR | full-page OCR | full-page OCR
Completed,6,10,Alabama Golf Association,Ridge Course Challenge,Ridge Course Challenge,Alabama Golf Association,2025-12-02,2025-12-31,8,2,15,corrected detail | full-page OCR | full-page OCR
Completed,6,11,Montana State Golf Association,2026 GHIN Challenge @ Chinook Golf Clu...,2026 GHIN Challenge@ Beaver Creok Gol..,Montana State Golf Association,2026-06-01,2026-06-30,2,1,5,full-page OCR | full-page OCR | visual review
Completed,6,12,Southern California Golf Association,Encinitas Ranch Golf Course Challenge,Encinitas Ranch Golf Course Challenge,Southern California Golf Associ….,2025-10-06,2025-10-31,89,18,153,full-page OCR | full-page OCR | full-page OCR
Completed,6,13,Indiana Golf Association,Ackerman-Allen Course Challenge,Ackerman-Allen Course Challenge,Indiana Golf Association,2025-10-10,2025-10-31,12,2,17,full-page OCR | full-page OCR | full-page OCR
Completed,6,14,Texas Golf Association,Memorial Park Golf Course Challenge,Memorial Park Golf Course Challenge,Texas Golf Association,2025-11-15,2025-12-15,124,34,247,full-page OCR | full-page OCR | full-page OCR
Completed,6,15,Idaho Golf Association,Emmett City Golf Course Challenge,Emmett City_Golf Course Challenge,Idaho Golf Association,2026-06-01,2026-06-30,10,5,28,full-page OCR | full-page OCR | full-page OCR
Completed,6,16,Florida State Golf Association,Sebring Golf Club Challenge,Chattahoochee Golf Club Challenge,Georgia State Golf Association,2025-10-17,2025-10-31,23,2,31,full-page OCR | full-page OCR | full-page OCR
Completed,6,17,Alabama Golf Association,Ridge Course Challenge,Ridge Course Challenge,Alabama Golf Association,2025-10-01,2025-10-31,40,2,43,full-page OCR | full-page OCR | full-page OCR
Completed,6,18,Louisiana Golf Association,Beaver Creek GC Challenge #2,Beaver Creek GC Challenge,Louisiana Golf Association,2025-10-06,2025-10-31,50,15,84,full-page OCR | full-page OCR | full-page OCR
Completed,6,19,Rochester District Golf Association,RDGA October Brae Burn Challenge,RDGA October Brae Burn Challenge,Rochester District Golf Associat…..,2025-10-01,2025-10-31,2,0,1,full-page OCR | corrected detail | full-page OCR
Completed,6,20,New Jersey Golf,Green Knoll Golf Course Challenge,Green Knoll Golf Course Challenge,New Jersey Golf,2025-10-18,2025-11-14,27,5,41,full-page OCR | full-page OCR | full-page OCR
Completed,6,21,Mass Golf,GRANITE LINKS GC - Quincy/Milton Challe...,GRANITE LINKS GC - Quincy/Milton Challe….,Mass Golf,2025-10-15,2025-11-14,29,2,32,full-page OCR | full-page OCR | full-page OCR
Completed,6,22,GAP,GAP Challenge - Win Prizes at Paxon Hollow,GAP Challenge - Win Prizes at Paxon Hollow,GAP,2025-10-14,2025-11-14,40,11,74,full-page OCR | full-page OCR | full-page OCR
Completed,6,23,Rochester District Golf Association,RDGA October Reservoir Creek Challenge,RDGA October Reservoir Creek Challenge,Rochester District Golf Associat….,2025-10-01,2025-10-31,6,2,14,corrected detail | full-page OCR | full-page OCR
Completed,6,24,Southern California Golf Association,Skylinks at Long Beach Challenge,Skylinks at Long Beach Challenge,Southern California Golf Associ….,2025-10-06,2025-10-31,107,13,154,full-page OCR | full-page OCR | full-page OCR
Completed,6,25,Georgia State Golf Association,RiverPines Golf Challenge,RiverPines Golf Challenge,Georgia State Golf Association,2025-10-17,2025-10-31,30,5,52,full-page OCR | full-page OCR | full-page OCR
Completed,7,1,Greater Cincinnati Golf Association,Fairfield Greens North Trace Challenge,Fairfield Greens North Trace Challenge,Greater Cincinnati Golf Associa..,2026-05-01,2026-07-31,1,0,0,full-page OCR | corrected detail | corrected detail
Completed,7,2,Alabama Golf Association,Limestone Springs Challenge,Limestone Springs Challenge,Alabama Golf Association,2025-12-02,2025-12-31,9,1,12,full-page OCR | full-page OCR | full-page OCR
Completed,7,3,Rochester District Golf Association,RDGA October Genesee Valley North Chall...,RDGA October Genesee Valley North Chall...,Rochester District Golf Associat…,2025-10-01,2025-10-31,8,3,19,full-page OCR | full-page OCR | full-page OCR
Completed,7,4,Rochester District Golf Association,RDGA October Churchville East Challenge,RDGA October Churchville East Challenge,Rochester District Golf Associat..,2025-10-01,2025-10-31,10,5,27,full-page OCR | corrected detail | full-page OCR
Completed,7,5,Rochester District Golf Association,RDGA October Farview Challenge,RDGA October Farview Challenge,Rochester District Golf Associat…,2025-10-01,2025-10-31,19,7,51,full-page OCR | full-page OCR | full-page OCR
Completed,7,6,Louisiana Golf Association,The Wetlands GC Challenge,The Wetlands GC Challenge,Louisiana Golf Association,2025-10-06,2025-10-31,17,5,37,full-page OCR | full-page OCR | full-page OCR
Completed,7,7,Iowa Golf Association,The Fall GHIN-Off at Palmer Hills,The Fall GHIN-Off at Palmer Hills,lowa Golf Association,2025-10-08,2025-10-31,26,16,100,full-page OCR | full-page OCR | full-page OCR
Completed,7,8,Alabama Golf Association,Jackson Golf Association Challenge,Jackson Golf Association Challenge,Alabama Golf Association,2026-05-01,2026-06-30,2,1,7,full-page OCR | full-page OCR | full-page OCR
Completed,7,9,Montana State Golf Association,2026 GHIN Challenge @ Spanish Peaks Mo...,2026 GHIN Challenge_@ Spanish Peaks M...,Montana State Golf Association,2026-06-01,2026-06-30,23,10,73,full-page OCR | full-page OCR | full-page OCR
Completed,7,10,South Dakota Golf Association,LAKEVIEW GC Challenge,LAKEVIEW GC Challenge,South Dakota Golf Association,2025-10-19,2025-10-31,16,4,21,full-page OCR | full-page OCR | full-page OCR
Completed,7,11,Tennessee Golf Association,Champions Run Golf Course Challenge,Champions Run Golf Course Challenge,Tennessee Golf Association,2025-10-19,2025-10-31,7,2,11,corrected detail | row-context OCR | full-page OCR
Completed,7,12,GAP,GAP Challenge - Win Prizes at Belles Springs,GAP Challenge - Win Prizes at Belles Springs,GAP,2025-10-14,2025-11-14,21,7,52,full-page OCR | full-page OCR | full-page OCR
Completed,7,13,Florida State Golf Association,Westchase Golf Club Challenge,Westchase Golf Club Challenge,Florida State Golf Association,2025-11-15,2025-12-14,26,11,72,full-page OCR | full-page OCR | full-page OCR
Completed,7,14,Texas Golf Association,"Ross Rogers Golf Complex, Mustang Cours...","Ross Rogers Golf Complex, Mustang Cours...",Texas Golf Association,2025-11-01,2025-11-30,26,5,48,full-page OCR | full-page OCR | full-page OCR
Completed,7,15,Rochester District Golf Association,RDGA October Timber Ridge Challenge,RDGA October Timber Ridge Challenge,Rochester District Golf Associat...,2025-10-01,2025-10-31,5,2,17,full-page OCR | full-page OCR | full-page OCR
Completed,7,16,Texas Golf Association,"Fort Worth GA, Rockwood Park Golf Cours...","Fort Worth GA, Rockwood Park Golf Cours...",Texas Golf Association,2025-11-01,2025-11-30,52,11,102,full-page OCR | full-page OCR | full-page OCR
Completed,7,17,Rochester District Golf Association,RDGA October Shelridge Challenge,RDGA October Shelridge Challenge,Rochester District Golf Associat...,2025-10-01,2025-10-31,27,17,161,full-page OCR | full-page OCR | full-page OCR
Completed,7,18,Idaho Golf Association,Emmett City Golf Course Challenge,Cobblestone Golf Course Challenge,Georgia State Golf Association,2025-10-17,2025-10-31,43,11,63,full-page OCR | full-page OCR | full-page OCR
Completed,7,19,Rochester District Golf Association,RDGA October LeRoy Challenge,RDGA October Caledonia Challenge,Rochester District Golf Associat...,2025-10-01,2025-10-31,31,16,94,full-page OCR | full-page OCR | full-page OCR
Completed,7,20,Ohio Golf Association,Birch/Cedar Challenge,Birch/Cedar Challenge,Idaho Golf Association,2026-06-01,2026-06-30,4,0,1,full-page OCR | corrected detail | full-page OCR
Completed,7,21,Montana State Golf Association,MSGA Challenge - Polson Bay GC Champ 18,MSGA Challenge - Cottonwood Hills GC,Montana State Golf Association,2025-10-06,2025-10-31,24,6,42,full-page OCR | full-page OCR | full-page OCR
Completed,7,22,Rochester District Golf Association,RDGA October Wild Wood Challenge,ROGA October Wild Wood Challenge,Rochester District Golf Associat..,2025-10-01,2025-10-31,27,7,66,full-page OCR | full-page OCR | full-page OCR
Completed,7,23,Alabama Golf Association,Crossings Challenge,Crossings Challenge,Alabama Golf Association,2025-12-02,2025-12-31,20,2,30,full-page OCR | full-page OCR | full-page OCR
Completed,7,24,Rochester District Golf Association,RDGA October Braemar Challenge,RDGA October Braemar Challenge,Rochester District Golf Associat..,2025-10-01,2025-10-31,6,4,30,full-page OCR | full-page OCR | full-page OCR
Completed,7,25,Texas Golf Association,The Rawls Course at Texas Tech Challenge,The Rawls Course at Texas Tech Challenge,Texas Golf Association,2025-11-01,2025-11-30,38,17,98,full-page OCR | full-page OCR | full-page OCR
Completed,8,1,Iowa Golf Association,IGA Spring Challenge - Whispering Creek,IGA Spring Challenge - Whispering Creek,lowa Golf Association,2026-04-15,2026-05-15,23,9,71,full-page OCR | full-page OCR | full-page OCR
Completed,8,2,Southern California Golf Association,SCGA Summer Challenge '26,SCGA Summer Challenge '26,Southern California Golf Associ….,2026-06-01,2026-08-14,245,129,1031,full-page OCR | full-page OCR | full-page OCR
Completed,8,3,Connecticut State Golf Association,Fairview Farm GC 2025 Season End Challe...,Fairview Farm GC 2025 Season End Challe..,Connecticut State Golf Associat…,2025-10-01,2025-11-14,58,8,88,full-page OCR | full-page OCR | full-page OCR
Completed,8,4,GAP,GAP Challenge - Win Prizes at Foxchase,GAP Challenge - Win Prizes at Foxchase,GAP,2025-10-17,2025-11-14,15,4,27,full-page OCR | full-page OCR | full-page OCR
Completed,8,5,Texas Golf Association,Tenison Park Highlands Course Challenge,Tenison Park Highlands Course Challenge,Texas Golf Association,2025-11-01,2025-11-30,82,20,148,full-page OCR | full-page OCR | full-page OCR
Completed,8,6,Idaho Golf Association,The Links at Teton Peaks Challenge,The Links at Teton Peaks Challenge,Idaho Golf Association,2026-06-01,2026-06-30,30,12,89,full-page OCR | full-page OCR | full-page OCR
Completed,8,7,Southern California Golf Association,Brookside Golf Course #2 (E.O. NAY) Chall...,Brookside Golf Course #2 (E.O. NAY) Chall...,Southern California Golf Associ…,2025-10-06,2025-10-31,28,5,37,full-page OCR | corrected detail | full-page OCR
Completed,8,8,Rochester District Golf Association,RDGA October Lake Shore Challenge,RDGA October Lake Shore Challenge,Rochester District Golf Associat…..,2025-10-01,2025-10-31,28,13,88,full-page OCR | full-page OCR | full-page OCR
Completed,8,9,Southern California Golf Association,Tustin Ranch Golf Club Challenge,Tustin Ranch Golf Club Challenge,Southern California Golf Associ...,2025-10-06,2025-10-31,39,10,69,full-page OCR | full-page OCR | full-page OCR
Completed,8,10,Minnesota Golf Association,"University of Minnesota, Les Bolstad GolfC...","University of Minnesota, Les Bolstad Golf..",Minnesota Golf Association,2025-10-20,2025-10-31,7,3,16,full-page OCR | full-page OCR | full-page OCR
Completed,8,11,South Dakota Golf Association,Willow Run Golf Course Challenge,Willow Run Golf Course Challenge,South Dakota Golf Association,2025-10-19,2025-10-31,27,6,49,full-page OCR | full-page OCR | full-page OCR
Completed,8,12,Indiana Golf Association,Plum Creek Golf Club October Challenge,Plum Creek Golf Club October Challenge,Indiana Golf Association,2025-10-06,2025-10-31,13,3,34,full-page OCR | full-page OCR | full-page OCR
Completed,8,13,South Dakota Golf Association,HART RANCH GC Challenge,HART RANCH GC Challenge,South Dakota Golf Association,2025-10-19,2025-10-31,3,0,3,full-page OCR | corrected detail | full-page OCR
Completed,8,14,Rochester District Golf Association,RDGA October Lakeside Challenge,RDGA October Lakeside Challenge,Rochester District Golf Associat…..,2025-10-01,2025-10-31,13,2,19,full-page OCR | full-page OCR | full-page OCR
Completed,8,15,South Dakota Golf Association,LEE PARK GC Challenge,LEE PARK GC Challenge,South Dakota Golf Association,2025-10-19,2025-10-31,7,2,9,full-page OCR | full-page OCR | row-context OCR
Completed,8,16,Alabama Golf Association,Pines Crossing Golf Course Challenge,Pines Crossing Golf Course Challenge,Alabama Golf Association,2025-12-02,2025-12-31,10,0,10,full-page OCR | corrected detail | full-page OCR
Completed,8,17,Alabama Golf Association,Oak Mountain State Park Golf Course Chall...,Oak Mountain State Park Golf Course Chall...,Alabama Golf Association,2025-12-02,2025-12-31,8,1,9,row-context OCR | full-page OCR | full-page OCR
Completed,8,18,Central Links Golf,Auburn Hills Golf Course Challenge,Auburn Hills Golf Course Challenge,Central Links Golf,2026-04-09,2026-05-23,38,23,153,full-page OCR | full-page OCR | full-page OCR
Completed,8,19,Southern California Golf Association,Los Robles Greens Golf Course Challenge,Emily Greens Golf Course Challenge,Minnesota Golf Association,2026-05-15,2026-08-15,5,1,7,full-page OCR | full-page OCR | full-page OCR
Completed,8,20,Greater Cincinnati Golf Association,Brook & Ridge Challenge,Brook & Ridge Challenge,Greater Cincinnati Golf Associa...,2026-05-01,2026-07-31,2,0,2,full-page OCR | corrected detail | row-context OCR
Completed,8,21,Greater Cincinnati Golf Association,Little Miami Golf Center Challenge,Little Miami Golf Center Challenge,Greater Cincinnati Golf Associa...,2026-05-01,2026-07-31,2,0,0,full-page OCR | corrected detail | corrected detail
Completed,8,22,Alabama Golf Association,River Challenge,River Challenge,Alabama Golf Association,2025-12-02,2025-12-31,7,1,16,full-page OCR | corrected detail | full-page OCR
Completed,8,23,Florida State Golf Association,Chi Chi Rodriguez Golf Club Challenge,Chi Chi Rodriguez Golf Club Challenge,Florida State Golf Association,2026-05-15,2026-06-14,28,3,31,full-page OCR | row-context OCR | full-page OCR
Completed,8,24,Greater Cincinnati Golf Association,World of Golf Challenge,Meadow Links and Golf Academy _Challenge,Greater Cincinnati Golf Associa..,2026-05-01,2026-07-31,0,0,0,corrected detail | corrected detail | corrected detail
Completed,8,25,Idaho Golf Association,Cadet Challenge,Cadet Challenge,Idaho Golf Association,2026-06-01,2026-06-30,0,0,0,corrected detail | corrected detail | corrected detail
Completed,9,1,Rochester District Golf Association,ROGA October Parkview Fairways Challenge,RDGA October Parkview Fairways Challenge,Rochester District Golf Associat…,2025-10-01,2025-10-31,21,6,46,full-page OCR | full-page OCR | full-page OCR
Completed,9,2,Georgia State Golf Association,The Club at Sea Palms Challenge,The Club at Sea Palms Challense,Georgia State Golf Association,2025-10-17,2025-10-31,22,5,40,full-page OCR | full-page OCR | full-page OCR
Completed,9,3,Golf Association of Michigan,ORCHARDS GOLF CLUB Challenge,ORCHARDS GOLF CLUB Challenge,Golf Association of Michigan,2025-10-01,2025-10-31,50,6,74,full-page OCR | full-page OCR | full-page OCR
Completed,9,4,Louisiana Golf Association,Frasch Park GC GHIN Challenge,Frasch Park GC GHIN Challenge,Louisiana Golf Association,2025-10-09,2025-10-31,32,14,98,full-page OCR | full-page OCR | full-page OCR
Completed,9,5,Southern California Golf Association,San Clemente Golf Club Challenge,San Clemente Golf Club Challenge,Southern California Golf Associ…,2025-10-06,2025-10-31,119,23,193,full-page OCR | full-page OCR | full-page OCR
Completed,9,6,Virginia State Golf Association,Laurel Hill Golf Club Challenge,Laurel Hill Golf Club Challenge,Virginia State Golf Association,2026-06-01,2026-06-30,93,19,255,full-page OCR | full-page OCR | full-page OCR
Completed,9,7,Idaho Golf Association,Pinecrest Golf Course Challenge,Green Crest Golf Course Challenge,Greater Cincinnati Golf Associa...,2026-05-01,2026-07-31,28,7,73,full-page OCR | full-page OCR | full-page OCR
Completed,9,8,Idaho Golf Association,River Park Golf Course Challenge,River Park Golf Course Challenge,Idaho Golf Association,2026-06-01,2026-06-30,0,0,0,corrected detail | corrected detail | corrected detail
Completed,9,9,Nebraska Golf Association,NebGolf Fall Challenge - Pacific SpringsGC,NebGolf Fall Challenge - Pacific Springs GC,Nebraska Golf Association,2025-10-01,2025-10-31,21,2,30,full-page OCR | full-page OCR | full-page OCR
Completed,9,10,Virginia State Golf Association,Independence Golf Club Challenge,Independence Golf Club Chaltenge,Virginia State Golf Association,2025-10-24,2025-11-14,29,11,73,full-page OCR | full-page OCR | full-page OCR
Completed,9,11,Montana State Golf Association,MSGA Challenge - Bill Roberts GC,MSGA Challenge - Bill Roberts GC,Montana State Golf Association,2025-10-06,2025-10-31,27,18,123,full-page OCR | full-page OCR | full-page OCR
Completed,9,12,Golf Association of Michigan,RAVINES Challenge,RAVINES Challenge,Golf Association of Michigan,2025-10-01,2025-10-31,17,2,19,full-page OCR | full-page OCR | full-page OCR
Completed,9,13,Rochester District Golf Association,RDGA October Shadow Lake Challenge,RDGA October Shadow Lake Challenge,Rochester District Golf Associat…,2025-10-01,2025-10-31,21,2,28,full-page OCR | full-page OCR | full-page OCR
Completed,9,14,Georgia State Golf Association,Reunion Country Club Challenge,Reunion Country Club Challenge,Georgia State Golf Association,2025-10-17,2025-10-31,26,5,43,full-page OCR | full-page OCR | full-page OCR
Completed,9,15,GAP,GAP Challenge - Win Prizes at Wyncote,GAP Challenge - Win Prizes at Wyncote,GAP,2025-10-10,2025-11-14,52,3,57,full-page OCR | full-page OCR | full-page OCR
Completed,9,16,Oklahoma Golf Association,Earlywine North Course Challenge,Earlywine North Course Challenge,Oklahoma Golf Association,2025-10-15,2025-11-30,24,3,27,full-page OCR | full-page OCR | full-page OCR
Completed,9,17,Alabama Golf Association,Livingston Country Club Challenge,Livingston Country Club Challenge,Alabama Golf Association,2026-03-03,2026-05-31,3,3,16,row-context OCR | corrected detail | full-page OCR
Completed,9,18,Southern California Golf Association,SCGA Summer Challenge '26,SCGA Summer Challenge '26,Southern California Golf Associ..,2026-06-01,2026-08-14,180,56,446,full-page OCR | full-page OCR | full-page OCR
Completed,9,19,Rochester District Golf Association,RDGA October Blue Heron Challenge,RDGA October Blue Heron Challenge,Rochester District Golf Associat...,2025-10-01,2025-10-31,14,4,36,full-page OCR | full-page OCR | full-page OCR
Completed,9,20,Louisiana Golf Association,Frasch Park GC Challenge,Frasch Park GC Challenge,Louisiana Golf Association,2026-05-15,2026-06-15,33,14,121,full-page OCR | full-page OCR | full-page OCR
Completed,9,21,Idaho Golf Association,North/South Challenge,West/South Challenge,Greater Cincinnati Golf Associa...,2026-05-01,2026-07-31,11,2,22,full-page OCR | full-page OCR | full-page OCR
Completed,9,22,Alabama Golf Association,Vanity Fair Golf & Tennis Club Challenge,Vanity Fair Golf & Tennis Club Challenge,Alabama Golf Association,2026-03-03,2026-05-31,3,2,12,full-page OCR | full-page OCR | full-page OCR
Completed,9,23,Carolinas Golf Association,Glen Dornoch Challenge,Glen Dornoch Challenge,Carolinas Golf Association,2026-06-01,2026-06-30,57,10,77,full-page OCR | full-page OCR | full-page OCR
Completed,9,24,Virginia State Golf Association,Gauntlet Golf Club Challenge,Gauntlet Golf Club Challenge,Virginia State Golf Association,2025-10-24,2025-11-14,29,13,76,full-page OCR | full-page OCR | full-page OCR
Completed,9,25,Nevada Golf,WAUBEEKA GOLF LINKS Challenge,WAUBEEKA GOLF LINKS Challenge,Mass Golf,2025-10-15,2025-11-14,13,5,36,full-page OCR | full-page OCR | full-page OCR
Completed,10,1,Southern California Golf Association,SCGA Summer Challenge '26,SCGA Summer Challenge '26,Southern California Golf Associ...,2026-06-01,2026-08-14,109,10,170,full-page OCR | full-page OCR | full-page OCR
Completed,10,2,Montana State Golf Association,2026 GHIN Challenge @ Pine Ridge Golf Cc...,2026 GHIN Challenge @ Pine Ridge GolfC..,Montana State Golf Association,2026-05-01,2026-05-31,2,1,5,full-page OCR | full-page OCR | corrected detail
Completed,10,3,Metropolitan Golf Association,IGA Spring Challenge - Bent Tree,IGA Spring Challenge - Bent Tree,lowa Golf Association,2026-04-15,2026-05-15,55,16,154,full-page OCR | full-page OCR | full-page OCR
Completed,10,4,Iowa Golf Association,IGA Spring Challenge - Jester Park,IGA Spring Challenge - Jester Park,lowa Golf Association,2026-04-15,2026-05-15,77,35,246,full-page OCR | full-page OCR | full-page OCR
Completed,10,5,Alabama Golf Association,Atmore Country Club Challenge,Atmore Country_Club Challenge,Alabama Golf Association,2026-04-01,2026-05-31,2,0,2,full-page OCR | corrected detail | full-page OCR
Completed,10,6,Idaho Golf Association,Highland Golf Course Challenge,Circling Hills Golf Course Challenge,Greater Cincinnati Golf Associa…,2026-05-01,2026-07-31,30,5,52,full-page OCR | full-page OCR | full-page OCR
Completed,10,7,Montana State Golf Association,MSGA Challenge - Polson Bay GC Champ 18,MSGA Challenge - Polson Bay_GC Champ 18,Montana State Golf Association,2025-10-06,2025-10-31,22,17,101,full-page OCR | full-page OCR | full-page OCR
Completed,10,8,Texas Golf Association,"Alamo City Golf Trail, Brackenridge Golf Co...","Alamo City Golf Trail, Brackenridge Golf C...",Texas Golf Association,2025-11-01,2025-11-30,62,6,70,full-page OCR | corrected detail | full-page OCR
Completed,10,9,New Jersey Golf,Sunset Valley Golf Course Challenge,Sunset Valley Golf Course Challenge,New Jersey Golf,2025-10-18,2025-11-14,17,8,38,full-page OCR | full-page OCR | full-page OCR
Completed,10,10,New Jersey Golf,Rockleigh Golf Course Red/White Challenge,Rockleigh Golf Course Red/White Challenge,New Jersey Golf,2025-10-18,2025-11-14,10,0,7,full-page OCR | corrected detail | full-page OCR
Completed,10,11,Connecticut State Golf Association,Whitney Farms GC 2025 Season End Chall...,Whitney Farms GC 2025 Season End Chall...,Connecticut State Golf Associat..,2025-10-01,2025-11-14,42,25,175,full-page OCR | full-page OCR | full-page OCR
Completed,10,12,Iowa Golf Association,The Fall GHIN-Off at Hunters Ridge,The Fall GHIN-Off at Hunters Ridge,lowa Golf Association,2025-10-08,2025-10-31,22,11,64,full-page OCR | full-page OCR | full-page OCR
Completed,10,13,Louisiana Golf Association,Crooked Hollow Golf Club GHIN Challenge,Crooked Hollow Golf Club GHIN Challenge,Louisiana Golf Association,2025-10-09,2025-10-31,8,3,18,corrected detail | full-page OCR | full-page OCR
Completed,10,14,Alabama Golf Association,Timberline Golf Course Challenge,Timberline Golf Course Challenge,Alabama Golf Association,2025-10-01,2025-10-31,44,16,128,full-page OCR | full-page OCR | full-page OCR
Completed,10,15,Nebraska Golf Association,NebGolf Fall Challenge - Meadowlark Hills...,NebGolf Fall Challenge - Meadowlark Hills... Nebraska Golf Association,,2025-10-01,2025-10-31,22,5,42,full-page OCR | row-context OCR | full-page OCR
Completed,10,16,New Hampshire Golf,RDGA October Webster Challenge,RDGA October Webster Challenge,Rochester District Golf Associat…. 2025-10-01,,2025-10-31,32,22,150,full-page OCR | full-page OCR | full-page OCR
Completed,10,17,Nebraska Golf Association,NebGolf Fall Challenge - Platteview GC,NebGolf Fall Challenge - Platteview GC,Nebraska Golf Association,2025-10-01,2025-10-31,64,32,237,full-page OCR | full-page OCR | full-page OCR
Completed,10,18,Montana State Golf Association,2026 GHIN Challenge @ Mission Mountain...,2026 GHIN Challenge @ Mission Mountain..,Montana State Golf Association,2026-06-01,2026-06-30,6,2,9,full-page OCR | full-page OCR | corrected detail
Completed,10,19,Iowa Golf Association,IGA Spring Challenge - Glynns Creek,Peak/Plains Challenge,Colorado Golf Association,2026-07-06,2026-08-16,95,32,199,full-page OCR | full-page OCR | full-page OCR
Completed,10,20,Greater Cincinnati Golf Association,ClearCreek-the Practice Center Challenge,ClearCreek-The Practice Center Challenge,Greater Cincinnati Golf Associa..,2026-05-01,2026-07-31,3,1,6,corrected detail | full-page OCR | full-page OCR
Completed,10,21,Montana State Golf Association,2026 GHIN Challenge @ River's Bend Golf...,2026 GHIN Challenge_@ River's Bend Golf …,Montana State Golf Association,2026-05-01,2026-05-31,3,0,3,full-page OCR | corrected detail | full-page OCR
Completed,10,22,Alabama Golf Association,Dunes/Lakes Challenge,Dunes/Lakes Challenge,Alabama Golf Association,2026-04-01,2026-05-31,1,0,1,full-page OCR | visual review | full-page OCR
Completed,10,23,South Dakota Golf Association,ELMWOOD GOLF COURSE Challenge,ELMWOOD GOLF COURSE Challenge,South Dakota Golf Association,2025-10-19,2025-10-31,30,9,58,full-page OCR | full-page OCR | full-page OCR
Completed,10,24,GAP,GAP Challenge - Win Prizes at Pitman,GAP Challenge - Win Prizes at Pitman,GAP,2025-10-16,2025-11-15,31,11,77,full-page OCR | full-page OCR | full-page OCR
Completed,10,25,Idaho Golf Association,Pierce Park Greens Challenge,LaFortune Park GC Challenge,Oklahoma Golf Association,2025-10-15,2025-11-30,30,7,53,full-page OCR | full-page OCR | full-page OCR
Completed,11,1,Montana State Golf Association,2026 GHIN Challenge @ Choteau Country...,2026 GHIN Challenge@ Choteau Country_.. Montana State Golf Association,,2026-05-01,2026-05-31,1,0,1,full-page OCR | corrected detail | full-page OCR
Completed,11,2,Idaho Golf Association,Freedom Course Challenge,Freedom Course Challenge,Idaho Golf Association,2026-06-01,2026-06-30,0,0,0,corrected detail | corrected detail | corrected detail
Completed,11,3,Florida State Golf Association,Rogers Park Golf Club Challenge,Rogers Park Golf Club Challenge,Florida State Golf Association,2026-05-15,2026-06-14,16,0,13,full-page OCR | corrected detail | full-page OCR
Completed,11,4,Sun Country Amateur Golf Association,TAMAYA/CHEENA Challenge!,TAMAYA/CHEENA Challenge!,Sun Country Amateur Golf Asso….,2025-10-10,2025-10-17,17,0,7,full-page OCR | visual zero | full-page OCR
Completed,11,5,New Jersey Golf,Galloping Hill Challenge,Galloping Hill Challenge,New Jersey Golf,2025-10-18,2025-11-14,20,4,34,full-page OCR | full-page OCR | full-page OCR
Completed,11,6,Florida State Golf Association,Abacoa Golf Club Challenge,Abacoa Golf Club Challenge,Florida State Golf Association,2026-05-15,2026-06-14,103,24,220,full-page OCR | full-page OCR | full-page OCR
Completed,11,7,Connecticut State Golf Association,Norwich GC 2025 Season End Challenge,Norwich GC 2025 Season End Challenge,Connecticut State Golf Associat…,2025-10-01,2025-11-14,37,20,186,full-page OCR | full-page OCR | full-page OCR
Completed,11,8,New Jersey Golf,Hendricks Field Golf Club Challenge,Hendricks Field Golf Club Challenge,New Jersey Golf,2025-10-18,2025-11-14,53,17,118,full-page OCR | full-page OCR | full-page OCR
Completed,11,9,Idaho Golf Association,Birch/Cedar Challenge,Rock Creek Golf Club Challenge,Alabama Golf Association,2026-06-01,2026-08-01,34,15,148,full-page OCR | full-page OCR | full-page OCR
Completed,11,10,New Jersey Golf,Howell Park Golf Course Challenge,Potters Park Golf Course Challenge,Greater Cincinnati Golf Associa...,2026-05-01,2026-07-31,9,1,15,full-page OCR | full-page OCR | full-page OCR
Completed,11,11,Rochester District Golf Association,RDGA October Ontario Challenge,RDGA October Ontario Challenge,Rochester District Golf Associat...,2025-10-01,2025-10-31,23,10,80,full-page OCR | full-page OCR | full-page OCR
Completed,11,12,Southern California Golf Association,Los Robles Greens Golf Course Challenge,Los Robles Greens Golf Course Challenge,Southern California Golf Associ….,2025-10-06,2025-10-31,75,9,105,full-page OCR | full-page OCR | full-page OCR
Completed,11,13,Southern California Golf Association,Olivas Links Challenge,Olivas Links Challenge,Southern California Golf Associ….,2025-10-06,2025-10-31,62,5,93,full-page OCR | full-page OCR | full-page OCR
Completed,11,14,Florida State Golf Association,Duran Golf Club Challenge,Duran Golf Club Challenge,Florida State Golf Association,2026-05-15,2026-06-14,35,0,0,full-page OCR | corrected detail | corrected detail
Completed,11,15,Idaho Golf Association,Juniper Hills Country Club Challenge,Juniper Hills Country _Club Challenge,Idaho Golf Association,2026-06-01,2026-06-30,8,2,12,full-page OCR | full-page OCR | full-page OCR
Completed,11,16,Louisiana Golf Association,Crooked Hollow Golf Club Challenge #2,Crooked Hollow Golf Club Challenge #2,Louisiana Golf Association,2026-05-15,2026-06-15,11,6,28,full-page OCR | full-page OCR | full-page OCR
Completed,11,17,North Dakota Golf Association,Riverwood Golf Course Challenge,Riverwood Golf Course Challenge,North Dakota Golf Association,2026-06-08,2026-06-30,72,36,230,full-page OCR | full-page OCR | full-page OCR
Completed,11,18,Idaho Golf Association,Cedar/Aspen Challenge,Cedar/Aspen Challenge,Idaho Golf Association,2026-06-01,2026-06-30,1,0,1,full-page OCR | corrected detail | full-page OCR
Completed,11,19,Southern California Golf Association,SCGA Summer Challenge '26,SCGA Summer Challenge '26,Southern California Golf Associ…..,2026-06-01,2026-08-14,146,61,458,full-page OCR | full-page OCR | full-page OCR
Completed,11,20,Idaho Golf Association,South/Middle Challenge,South/Middle Challenge,Idaho Golf Association,2026-06-01,2026-06-30,1,0,1,full-page OCR | corrected detail | full-page OCR
Completed,11,21,Idaho Golf Association,Jerome Country Club Challenge,Lakeview Country_Club Challenge,Alabama Golf Association,2026-06-01,2026-08-01,2,1,5,full-page OCR | full-page OCR | full-page OCR
Completed,11,22,Idaho Golf Association,Idaho Falls Country Club Challenge,Idaho Falls Country_Club Challenge,Idaho Golf Association,2026-06-01,2026-06-30,50,23,140,full-page OCR | full-page OCR | full-page OCR
Completed,11,23,Montana State Golf Association,2026 GHIN Challenge @ Exchange City Par...,2026 GHIN Challenge_@ Exchange City_Pa…,Montana State Golf Association,2026-05-01,2026-05-31,12,3,32,full-page OCR | full-page OCR | full-page OCR
Completed,11,24,Montana State Golf Association,2026 GHIN Challenge @ Cut Bank Golf & C...,2026 GHIN Challenge_@ Cut Bank Golf & C...,Montana State Golf Association,2026-06-01,2026-06-30,2,1,6,full-page OCR | full-page OCR | full-page OCR
Completed,11,25,Texas Golf Association,Grapevine Golf Course-Pecan/Mockingbird....,Grapevine Golf Course-Pecan/Mockingbird…,Texas Golf Association,2026-05-22,2026-08-19,185,93,978,full-page OCR | full-page OCR | full-page OCR
Completed,12,1,Idaho Golf Association,Council Greens Challenge,Council Greens Challenge,Idaho Golf Association,2026-06-01,2026-06-30,1,0,1,visual review | visual zero | full-page OCR
Completed,12,2,Southern California Golf Association,SCGA Summer Challenge '26,SCGA Summer Challenge '26,Southern California Golf Associ…,2026-06-01,2026-08-14,236,48,501,full-page OCR | full-page OCR | full-page OCR
Completed,12,3,Louisiana Golf Association,Chennault Park GC Challenge #2,Chennault Park GC Challenge &2,Louisiana Golf Association,2026-05-15,2026-06-15,11,2,18,full-page OCR | full-page OCR | full-page OCR
Completed,12,4,Iowa Golf Association,IGA Spring Challenge - Hunters Ridge,IGA Spring Challenge - Hunters Ridge,lowa Golf Association,2026-04-15,2026-05-15,36,12,94,full-page OCR | full-page OCR | full-page OCR
Completed,12,5,Montana State Golf Association,2026 GHIN Challenge @ Cottonwood Hills...,2026 GHIN Challenge_@ Stillwater Golf Co…,Montana State Golf Association|,2026-07-01,2026-07-31,16,4,27,full-page OCR | full-page OCR | full-page OCR
Completed,12,6,Greater Cincinnati Golf Association,Ridge & Lake Challenge,Ridge & Lake Challenge,Greater Cincinnati Golf Associa…,2026-05-01,2026-07-31,1,0,1,corrected detail | corrected detail | corrected detail
Completed,12,7,Greater Cincinnati Golf Association,Pioneer Challenge,Pioneer Challenge,Greater Cincinnati Golf Associa…,2026-05-01,2026-07-31,27,9,70,full-page OCR | full-page OCR | full-page OCR
Completed,12,8,Florida State Golf Association,Fox Hollow Golf Club Challenge,Fox Hollow Golf Club Challenge,Florida State Golf Association,2026-05-15,2026-06-14,59,29,204,full-page OCR | full-page OCR | full-page OCR
Completed,12,9,Texas Golf Association,Firewheel at Garland-Old Course 2026 Su...,Firewheel at Garland-Old Course 2026 Su...,Texas Golf Association,2026-05-23,2026-08-20,146,50,357,full-page OCR | full-page OCR | full-page OCR
Completed,12,10,Montana State Golf Association,2026 GHIN Challenge @ Village Greens Go...,2026 GHIN Challenge @ Village Greens Go...,Montana State Golf Association,2026-05-01,2026-05-31,52,24,165,full-page OCR | full-page OCR | full-page OCR
Completed,12,11,Alabama Golf Association,Cross Creek Golf Course Challenge,Cross Creek Golf Course Challenge,Alabama Golf Association,2026-03-03,2026-05-31,32,13,88,full-page OCR | full-page OCR | full-page OCR
Completed,12,12,Iowa Golf Association,2026 Summer Showdown - The Ridge,2026 Summer Showdown - The Ridge,lowa Golf Association,2026-06-15,2026-07-15,54,31,226,full-page OCR | full-page OCR | full-page OCR
Completed,12,13,Alabama Golf Association,Prattville Country Club Challenge,Prattville Country Club Challenge,Alabama Golf Association,2026-03-03,2026-05-31,6,3,29,visual review | full-page OCR | full-page OCR
Completed,12,14,Central Links Golf,St. Andrews Golf Club Challenge,St. Andrews Golf Club Challenge,Central Links Golf,2026-04-09,2026-05-23,116,38,287,full-page OCR | full-page OCR | full-page OCR
Completed,12,15,Alabama Golf Association,Juniper Creek Golf Challenge,Juniper Creek Golf Challenge,Alabama Golf Association,2026-05-01,2026-06-30,3,1,6,full-page OCR | full-page OCR | full-page OCR
Completed,12,16,GAP,GAP GHIN Challenge at Makefield Highlands,GAP GHIN Challenge at Makefield Highlands,GAP,2026-07-01,2026-08-12,158,46,331,full-page OCR | full-page OCR | full-page OCR
Completed,12,17,Florida State Golf Association,Eagle Lakes Golf Club Challenge,Eagle Lakes Golf Club Challenge,Florida State Golf Association,2026-05-15,2026-06-14,46,10,82,full-page OCR | full-page OCR | full-page OCR
Completed,12,18,Greater Cincinnati Golf Association,Devou Park Golf Course Challenge,Devou Park Golf Course Challenge,Greater Cincinnati Golf Associa...,2026-05-01,2026-07-31,14,1,14,full-page OCR | full-page OCR | full-page OCR
Completed,12,19,Idaho Golf Association,Country View Golf Course Challenge,Country View Golf Course Challenge,Idaho Golf Association,2026-06-01,2026-06-30,3,0,3,corrected detail | corrected detail | full-page OCR
Completed,12,20,Idaho Golf Association,Challenge Course Challenge,Challenge Course Challenge,Idaho Golf Association,2026-06-01,2026-06-30,0,0,0,corrected detail | corrected detail | corrected detail
Completed,12,21,Greater Cincinnati Golf Association,Sharon Woods Golf Course Challenge,Sharon Woods Golf Course Challenge,Greater Cincinnati Golf Associa.,2026-05-01,2026-07-31,53,20,178,full-page OCR | full-page OCR | full-page OCR
Completed,12,22,Idaho Golf Association,South/West 2023 Challenge,Fairfield Greens South Trace Challenge,Greater Cincinnati Golf Associa..,2026-05-01,2026-07-31,14,9,60,full-page OCR | visual review | full-page OCR
Completed,12,23,Ohio Golf Association,Champions Golf Course Challenge,Champions Golf Course Challenge,Ohio Golf Association,2026-05-20,2026-06-10,30,2,22,full-page OCR | full-page OCR | full-page OCR
Completed,12,24,Carolinas Golf Association,Carolina Lakes GC Challenge,Carolina Lakes GC Challenge,Carolinas Golf Association,2026-07-01,2026-07-31,44,16,119,full-page OCR | full-page OCR | full-page OCR
Completed,12,25,Texas Golf Association,"Tenison Park Golf Course, Summer 2026 1H...","Tenison Park Golf Course, Summer 2026 H...",Texas Golf Association,2026-05-15,2026-08-12,225,73,684,full-page OCR | full-page OCR | full-page OCR
Completed,13,1,Iowa Golf Association,IGA Spring Challenge - Glynns Creek,IGA Spring Challenge - Glynns Creek,lowa Golf Association,2026-04-15,2026-05-15,32,13,128,full-page OCR | full-page OCR | full-page OCR
Completed,13,2,Idaho Golf Association,Teton Reserve Challenge,Teton Reserve Challenge,Idaho Golf Association,2026-06-01,2026-06-30,29,17,88,full-page OCR | full-page OCR | full-page OCR
Completed,13,3,Southern California Golf Association,SCGA Summer Challenge'26,SCGA Summer Challenge '26,Southern California Golf Associ.,2026-06-01,2026-08-14,112,39,293,full-page OCR | full-page OCR | full-page OCR
Completed,13,4,Alabama Golf Association,Aroostook Golf Course Challenge,Aroostook Golf Course Challenge,Alabama Golf Association,2026-03-03,2026-05-31,10,3,33,full-page OCR | full-page OCR | full-page OCR
Completed,13,5,Alabama Golf Association,Redmont Recreation Club Challenge,Redmont Recreation Club Challenge,Alabama Golf Association,2026-04-01,2026-05-31,2,2,7,full-page OCR | full-page OCR | full-page OCR
Completed,13,6,Idaho Golf Association,Journey's End Golf Course Challenge,Journey's End Golf Course Challenge,Idaho Golf Association,2026-06-01,2026-06-30,2,2,6,full-page OCR | full-page OCR | full-page OCR
Completed,13,7,Florida State Golf Association,Jacksonville Beach Golf Club Challenge,Jacksonville Beach Golf Club Challenge,Florida State Golf Association,2026-05-15,2026-06-14,143,48,362,full-page OCR | full-page OCR | full-page OCR
Completed,13,8,Georgia State Golf Association,Chattahoochee Golf Club Challenge,Harmon Golf Club Challenge,Greater Cincinnati Golf Associa...,2026-05-01,2026-07-31,5,1,11,full-page OCR | full-page OCR | full-page OCR
Completed,13,9,Central Links Golf,Minor Park Golf Course Challenge,Minor Park Golf Course Challenge,Central Links Golf,2026-04-09,2026-05-23,30,6,69,full-page OCR | full-page OCR | full-page OCR
Completed,13,10,Georgia State Golf Association,Cobblestone Golf Course Challenge,Eagles Nest Golf Course Challenge,Greater Cincinnati Golf Associa...,2026-05-01,2026-07-31,4,1,7,full-page OCR | full-page OCR | visual review
Completed,13,11,Idaho Golf Association,Middle/North Challenge,London Downs Golf Course Challenge,Virginia State Golf Association,2026-07-01,2026-07-31,39,21,150,full-page OCR | full-page OCR | full-page OCR
Completed,13,12,Southern California Golf Association,SCGA Summer Challenge'26,SCGA Summer Challenge '26,Southern California Golf Associ..,2026-06-01,2026-08-14,210,75,692,full-page OCR | full-page OCR | full-page OCR
Completed,13,13,Southern California Golf Association,SCGA Summer Challenge '26,SCGA Summer Challenge '26,Southern California Golf Associ...,2026-06-01,2026-08-14,218,80,770,full-page OCR | full-page OCR | full-page OCR
Completed,13,14,Idaho Golf Association,Caribou Highlands Golf Course Challenge,Caribou Highlands Golf Course Challenge,Idaho Golf Association,2026-06-01,2026-06-30,2,0,0,full-page OCR | corrected detail | corrected detail
Completed,13,15,Idaho Golf Association,Wee Nine Challenge,Wee Nine Challengg,Idaho Golf Association,2026-06-01,2026-06-30,0,0,0,corrected detail | corrected detail | corrected detail
Completed,13,16,Rochester District Golf Association,2026 RDGA Webster Challenge,2026 RDGA Webster Challenge,Rochester District Golf Associat…..,2026-06-01,2026-08-15,99,61,868,full-page OCR | full-page OCR | full-page OCR
Completed,13,17,Idaho Golf Association,Jug Mountain Ranch Challenge,Jug Mountain Ranch Challenge,Idaho Golf Association,2026-06-01,2026-06-30,33,11,99,full-page OCR | full-page OCR | full-page OCR
Completed,13,18,South Dakota Golf Association,FISH LAKE CC Challenge - 1st Place $25 Gi...,FISH LAKE CC Challenge - 1st Place $25 Gi...,South Dakota Golf Association,2026-05-20,2026-06-27,6,4,16,full-page OCR | row-context OCR | full-page OCR
Completed,13,19,GAP,GAP GHIN Challenge at Broad Run Golfer's...,GAP GHIN Challenge at Broad Run Golfer's..,GAP,2026-04-01,2026-05-17,106,20,287,full-page OCR | full-page OCR | full-page OCR
Completed,13,20,Montana State Golf Association,2026 GHIN Challenge @ Eaglerock Golf Co...,2026 GHIN Challenge_@ Rock Creek Cattl.,Montana State Golf Association,2026-07-01,2026-07-31,39,19,135,full-page OCR | full-page OCR | full-page OCR
Completed,13,21,Idaho Golf Association,Riverside Golf Course Challenge,Riverside Golf Course Challenge,Idaho Golf Association,2026-06-01,2026-06-30,49,19,138,full-page OCR | full-page OCR | full-page OCR
Completed,13,22,Carolinas Golf Association,Midland valley Golf Club Challenge,Midland Valley Golf Club Challenge,Carolinas Golf Association,2026-05-01,2026-05-31,67,27,183,full-page OCR | full-page OCR | full-page OCR
Completed,13,23,Texas Golf Association,The Rawls Course at Texas Tech Challenge-...__,The Rawls Course at Texas Tech Challenge:...,Texas Golf Association,2026-04-01,2026-04-30,76,31,216,full-page OCR | full-page OCR | full-page OCR
Completed,13,24,Louisiana Golf Association,Timberlane G&RC Challenge #2,Timberlane G&RC Challenge #2,Louisiana Golf Association,2026-05-15,2026-06-15,9,3,28,corrected detail | full-page OCR | full-page OCR
Completed,13,25,Idaho Golf Association,Centennial Golf Club Challenge,Virginia Beach National Golf Club Challenge,Virginia State Golf Association,2026-07-01,2026-07-31,117,47,339,full-page OCR | full-page OCR | full-page OCR
Completed,14,1,Idaho Golf Association,BanBury Golf Course Challenge,BanBury_Golf Course Challenge,Idaho Golf Association,2026-06-01,2026-06-30,79,28,183,full-page OCR | full-page OCR | full-page OCR
Completed,14,2,Montana State Golf Association,2026 GHIN Challenge @ Town & Country C..._,2026 GHIN Challenge_@ Town & Country C,Montana State Golf Association,2026-05-01,2026-05-31,22,7,51,full-page OCR | full-page OCR | full-page OCR
Completed,14,3,Ohio Golf Association,Airport Golf Course Challenge,Cascade Golf Course Challenge,Idaho Golf Association,2026-06-01,2026-06-30,2,0,2,full-page OCR | visual review | full-page OCR
Completed,14,4,Central Links Golf,Sand Creek Station Golf Course Challenge,Sand Creek Station Golf Course Challenge,Central Links Golf,2026-04-09,2026-05-23,33,8,54,full-page OCR | corrected detail | full-page OCR
Completed,14,5,Carolinas Golf Association,Bryan Park - Champions Course Challenge,Bryan Park - Champions Course Challenge,Carolinas Golf Association,2026-06-01,2026-06-30,84,13,113,full-page OCR | full-page OCR | full-page OCR
Completed,14,6,Idaho Golf Association,Pierce Park Greens Challenge,Pierce Park Greens Challenge,Idaho Golf Association,2026-06-01,2026-06-30,0,0,0,corrected detail | corrected detail | corrected detail
Completed,14,7,Nebraska Golf Association,Glenross GC Challenge,Glenross GC Challenge,Ohio Golf Association,2026-05-20,2026-06-10,39,7,58,full-page OCR | full-page OCR | full-page OCR
Completed,14,8,Texas Golf Association,Grey Rock Golf Club 2026 Summer Challe...,Grey Rock Golf Club 2026 Summer Challe…..,Texas Golf Association,2026-05-15,2026-08-12,180,99,985,full-page OCR | full-page OCR | full-page OCR
Completed,14,9,Idaho Golf Association,Whitetail Golf Club Challenge,Ballantrae Golf Club Challenge,Alabama Golf Association,2026-06-01,2026-08-01,85,36,375,full-page OCR | full-page OCR | full-page OCR
Completed,14,10,Montana State Golf Association,2026 GHIN Challenge @ Sunnyside Countr..._,2026 GHIN Challenge_@ Sunnyside Count..,Montana State Golf Association,2026-05-01,2026-05-31,14,2,17,full-page OCR | full-page OCR | full-page OCR
Completed,14,11,Idaho Golf Association,Chimney Rock Golf Course Challenge,Chimney Rock Golf Course Challenge,Idaho Golf Association,2026-06-01,2026-06-30,3,2,10,full-page OCR | full-page OCR | full-page OCR
Completed,14,12,Greater Cincinnati Golf Association,Woodlands/Meadows Challenge,Woodlands/Meadows Challenge,Greater Cincinnati Golf Associa….,2026-05-01,2026-07-31,0,0,7,corrected detail | corrected detail | full-page OCR
Completed,14,13,Golf Association of Michigan,White/Blue Challenge,White/Blue Challenge,Greater Cincinnati Golf Associa….,2026-05-01,2026-07-31,18,3,25,full-page OCR | row-context OCR | full-page OCR
Completed,14,14,Idaho Golf Association,Island Park Village Golf Course Challenge,Island Park Village Golf Course Challenge,Idaho Golf Association,2026-06-01,2026-06-30,0,0,0,corrected detail | corrected detail | corrected detail
Completed,14,15,Idaho Golf Association,Pleasant Valley Golf Course Challenge,Pleasant Valley Golf Course Challenge,Idaho Golf Association,2026-06-01,2026-06-30,1,0,2,full-page OCR | corrected detail | full-page OCR
Completed,14,16,Georgia State Golf Association,Reunion Country Club Challenge,Brown's Run Country_Club Challenge,Greater Cincinnati Golf Associa...,2026-05-01,2026-07-31,40,9,139,full-page OCR | visual review | full-page OCR
Completed,14,17,Idaho Golf Association,South/North 2023 Challenge,South/North 2023 Challenge,Idaho Golf Association,2026-06-01,2026-06-30,24,6,41,full-page OCR | corrected detail | full-page OCR
Completed,14,18,Idaho Golf Association,Scotch Pines Golf Course Challenge,Scotch Pines Golf Course Challenge,Idaho Golf Association,2026-06-01,2026-06-30,43,25,156,full-page OCR | full-page OCR | full-page OCR
Completed,14,19,Florida State Golf Association,Bonaventure Country Club Challenge,Bonaventure Country Club Challenge,Florida State Golf Association,2026-05-15,2026-06-14,6,2,17,corrected detail | full-page OCR | full-page OCR
Completed,14,20,Montana State Golf Association,2026 GHIN Challenge @ Hamilton Golf Clu... |,2026 GHIN Challenge_@ Hamilton Golf Cl.,Montana State Golf Association,2026-05-01,2026-05-31,59,28,201,full-page OCR | full-page OCR | full-page OCR
Completed,14,21,Alabama Golf Association,Dothan Country Club Challenge,Dothan Country Club Challenge,Alabama Golf Association,2026-04-01,2026-05-31,63,46,410,full-page OCR | full-page OCR | full-page OCR
Completed,14,22,Greater Cincinnati Golf Association,East/South Challenge,East/South Challenge,Greater Cincinnati Golf Associa...,2026-05-01,2026-07-31,9,2,14,corrected detail | full-page OCR | full-page OCR
Completed,14,23,Southern California Golf Association,SCGA Summer Challenge'26,SCGA Summer Challenge '26),Southern California Golf Associ..,2026-06-01,2026-08-14,247,83,607,full-page OCR | full-page OCR | full-page OCR
Completed,14,24,Idaho Golf Association,93 Golf Ranch Challenge,93 Golf Ranch Challenge,Idaho Golf Association,2026-06-01,2026-06-30,27,16,112,full-page OCR | full-page OCR | full-page OCR
Completed,14,25,Idaho Golf Association,Indian Lakes Golf Course Challenge,Indian Lakes Golf Course Challenge,Idaho Golf Association,2026-06-01,2026-06-30,2,0,3,full-page OCR | corrected detail | row-context OCR
Completed,15,1,Montana State Golf Association,2026 GHIN Challenge @ Anaconda CC,2026 GHIN Challenge_@ Anaconda CC,Montana State Golf Association,2026-05-01,2026-05-31,23,8,42,full-page OCR | full-page OCR | full-page OCR
Completed,15,2,Rochester District Golf Association,2026 RDGA Durand Eastman Golf Club Ch...,2026 RDGA Durand Eastman Golf Club Ch…...,Rochester District Golf Associat…,2026-06-01,2026-08-15,53,20,164,full-page OCR | full-page OCR | full-page OCR
Completed,15,3,Oklahoma Golf Association,Hefner North Challenge,Hefner North Challenge,Oklahoma Golf Association,2026-04-01,2026-05-31,108,24,213,full-page OCR | full-page OCR | full-page OCR
Completed,15,4,Carolinas Golf Association,The 500 Club Challenge,The 500 Club Challenge,Carolinas Golf Association,2026-05-01,2026-05-31,100,30,229,full-page OCR | full-page OCR | full-page OCR
Completed,15,5,Florida State Golf Association,Quail Heights Country Club Challenge,Quail Heights Country Club Challenge,Florida State Golf Association,2026-05-15,2026-06-14,14,2,20,full-page OCR | full-page OCR | full-page OCR
Completed,15,6,Florida State Golf Association,Bartow Golf Course Challenge,Bartow Golf Course Challenge,Florida State Golf Association,2026-05-15,2026-06-14,16,3,26,full-page OCR | full-page OCR | full-page OCR
Completed,15,7,Montana State Golf Association,2026 GHIN Challenge @ Overland Golf Co...,2026 GHIN Challenge @ Overland Golf Co...,Montana State Golf Association,2026-06-01,2026-06-30,10,2,20,full-page OCR | full-page OCR | full-page OCR
Completed,15,8,Southern California Golf Association,Twin Oaks Golf Course Challenge,Iwin Oaks Golf Course Challenge,Greater Cincinnati Golf Associa...,2026-05-01,2026-07-31,34,11,79,full-page OCR | full-page OCR | full-page OCR
Completed,15,9,Idaho Golf Association,Silver Sage Golf Course Challenge,Silver Sage Golf Course Challenge,Idaho Golf Association,2026-06-01,2026-06-30,11,6,79,full-page OCR | full-page OCR | full-page OCR
Completed,15,10,Idaho Golf Association,American Falls Golf Course Challenge,American Falls Golf Course Challenge,Idaho Golf Association,2026-06-01,2026-06-30,12,7,31,full-page OCR | corrected detail | full-page OCR
Completed,15,11,Montana State Golf Association,2026 GHIN Challenge @ Wilderness Club ...,2026 GHIN Challenge_@ Wilderness Club...,Montana State Golf Association,2026-06-01,2026-06-30,23,12,87,full-page OCR | full-page OCR | full-page OCR
Completed,15,12,Greater Cincinnati Golf Association,World of Golf Challenge,World of Golf Challenge,Greater Cincinnati Golf Associa...,2026-05-01,2026-07-31,6,2,12,full-page OCR | full-page OCR | full-page OCR
Completed,15,13,Montana State Golf Association,2026 GHIN Challenge @ Yegen Golf Club C...,2026 GHIN Challenge_@ Yegen Golf Club C...,Montana State Golf Association,2026-05-01,2026-05-31,46,22,128,full-page OCR | full-page OCR | full-page OCR
Completed,15,14,Florida State Golf Association,Riverwood Golf Club Challenge,Riverwood Golf Club Challenge,Florida State Golf Association,2026-05-15,2026-06-14,59,32,254,full-page OCR | full-page OCR | full-page OCR
Completed,15,15,Florida State Golf Association,Palatka Golf Club Challenge,Palatka Golf Club Challenge,Florida State Golf Association,2026-05-15,2026-06-14,19,8,59,full-page OCR | full-page OCR | full-page OCR
Completed,15,16,Carolinas Golf Association,True Blue Golf Club Challenge,True Blue Golf Club Challenge,Carolinas Golf Association,2026-05-01,2026-05-31,118,17,172,full-page OCR | full-page OCR | full-page OCR
Completed,15,17,Montana State Golf Association,2026 GHIN Challenge @ Missoula Country...,2026 GHIN Challenge_@ Glacier View Golf..,Montana State Golf Association,2026-07-01,2026-07-31,20,4,56,full-page OCR | full-page OCR | full-page OCR
Completed,15,18,Southern California Golf Association,SCGA Summer Challenge '26,SCGA Summer Challenge '26,Southern California Golf Associ...,2026-06-01,2026-08-14,216,41,450,full-page OCR | full-page OCR | full-page OCR
Completed,15,19,Montana State Golf Association,2026 GHIN Challenge @ Headwaters Golf...,2026 GHIN Challenge_@ Headwaters Golf…,Montana State Golf Association,2026-05-01,2026-05-31,13,5,29,full-page OCR | full-page OCR | full-page OCR
Completed,15,20,Northern California Golf Association,SCGA Summer Challenge '26,SCGA Summer Challenge '26,Southern California Golf Associ….,2026-06-01,2026-08-14,253,70,556,full-page OCR | full-page OCR | full-page OCR
Completed,15,21,Idaho Golf Association,Bronze Buffalo Ranch at Teton Springs Chal...,Bronze Buffalo Ranch at Teton Springs Cha...,Idaho Golf Association,2026-06-01,2026-06-30,43,16,106,full-page OCR | full-page OCR | full-page OCR
Completed,15,22,Idaho Golf Association,White Clouds Challenge,White Clouds Challenge,Idaho Golf Association,2026-06-01,2026-06-30,3,0,2,full-page OCR | corrected detail | row-context OCR
Completed,15,23,Carolinas Golf Association,Bryan Park - Players Course Challenge,Bryan Park - Players Course Challenge,Carolinas Golf Association,2026-06-01,2026-06-30,99,13,148,full-page OCR | full-page OCR | full-page OCR
Completed,15,24,Rochester District Golf Association,2026 RDGA Shadow Lake Golf Club Challe...,2026 RDGA Shadow Lake Golf Club Challe….,Rochester District Golf Associat...,2026-06-01,2026-08-15,73,19,150,full-page OCR | full-page OCR | full-page OCR
Completed,15,25,Ohio Golf Association,Airport Golf Course Challenge,Airport Golf Course Challenge,Ohio Golf Association,2026-05-20,2026-06-10,24,5,31,full-page OCR | full-page OCR | full-page OCR
Completed,16,1,Montana State Golf Association,2026 GHIN Challenge @ Deer Park Golf Co...,2026 GHIN Challenge_@ Deer Park Golf Co...,Montana State Golf Association,2026-05-01,2026-05-31,9,7,47,full-page OCR | full-page OCR | full-page OCR
Completed,16,2,Louisiana Golf Association,City Park - South Course Challenge,City Park - South Course Challenge,Louisiana Golf Association,2026-05-15,2026-06-15,90,31,210,full-page OCR | full-page OCR | full-page OCR
Completed,16,3,Montana State Golf Association,2026 GHIN Challenge @ Old Baldy Golf Co...,2026 GHIN Challenge_@ Old Baldy_Golf Co.,Montana State Golf Association,2026-05-01,2026-05-31,17,10,68,full-page OCR | full-page OCR | full-page OCR
Completed,16,4,Southern California Golf Association,SCGA Summer Challenge '26,SCGA Summer Challenge '26,Southern California Golf Associ…,2026-06-01,2026-08-14,318,87,787,full-page OCR | full-page OCR | full-page OCR
Completed,16,5,Idaho Golf Association,Highland Golf Course Challenge,Highland Golf Course Challenge,Idaho Golf Association,2026-06-01,2026-06-30,46,14,110,full-page OCR | full-page OCR | full-page OCR
Completed,16,6,Idaho Golf Association,Terrace Lakes Golf Course Challenge,Terrace Lakes Golf Course Challenge,Idaho Golf Association,2026-06-01,2026-06-30,43,22,115,full-page OCR | full-page OCR | full-page OCR
Completed,16,7,Southern California Golf Association,SCGA Summer Challenge'26,SCGA Summer Challenge '26,Southern California Golf Associ...,2026-06-01,2026-08-14,151,57,422,full-page OCR | full-page OCR | full-page OCR
Completed,16,8,Idaho Golf Association,Jefferson Hills Golf Course Challenge,Avon Fields Golf Course Challenge,Greater Cincinnati Golf Associa…..,2026-05-01,2026-07-31,16,2,23,full-page OCR | full-page OCR | full-page OCR
Completed,16,9,Greater Cincinnati Golf Association,Bockott Ridge Country Club Challenge,Beckett Ridge Country _Club Challenge,Greater Cincinnati Golf Associa...,2026-05-01,2026-07-31,34,10,152,full-page OCR | full-page OCR | full-page OCR
Completed,16,10,Mass Golf,WAUBEEKA GOLF LINKS Challenge,Hueston Woods Golf Course Challenge,Greater Cincinnati Golf Associa...,2026-05-01,2026-07-31,15,3,23,full-page OCR | full-page OCR | full-page OCR
Completed,16,11,Texas Golf Association,Casa Blanca Golf Course 2026 Summer,Casa Blanca Golf Course 2026 Summer Ch...,Texas Golf Association,2026-06-01,2026-07-31,6,0,8,full-page OCR | corrected detail | full-page OCR
Completed,16,12,Southern California Golf Association,SCGA Summer Challenge'26,SCGA Summer Challenge '26,Southern California Golf Associ….,2026-06-01,2026-08-14,165,54,379,full-page OCR | full-page OCR | full-page OCR
Completed,16,13,Idaho Golf Association,Preston Country Club Challenge,Preston Country Club Challenge,Idaho Golf Association,2026-06-01,2026-06-30,23,7,55,full-page OCR | visual review | full-page OCR
Completed,16,14,Montana State Golf Association,2026 GHIN Challenge @ Old Works Golf C...,2026 GHIN Challenge_@ Old Works Golf C..,Montana State Golf Association,2026-06-01,2026-06-30,74,25,244,full-page OCR | full-page OCR | full-page OCR
Completed,16,15,Idaho Golf Association,Eagle Hills Golf Course Challenge,Eagle Hills Golf Course Challenge,Idaho Golf Association,2026-06-01,2026-06-30,44,11,73,full-page OCR | full-page OCR | full-page OCR
Completed,16,16,Alabama Golf Association,Gunter's Landing Challenge,Gunter's Landing Challenge,Alabama Golf Association,2026-03-03,2026-05-31,41,19,224,full-page OCR | full-page OCR | full-page OCR
Completed,16,17,Idaho Golf Association,Whitetail Golf Club Challenge,Whitetail Golf Club Challenge,Idaho Golf Association,2026-06-01,2026-06-30,25,9,72,full-page OCR | full-page OCR | full-page OCR
Completed,16,18,Southern California Golf Association,SCGA Summer Challenge '26,SCGA Summer Challenge '26,Southern California Golf Associ….,2026-06-01,2026-08-14,219,46,453,full-page OCR | full-page OCR | full-page OCR
Completed,16,19,Central Links Golf,Buffalo Dunes Golf Course Challenge,Buffalo Dunes Golf Course Challenge,Central Links Golf,2026-04-09,2026-05-23,22,12,72,full-page OCR | full-page OCR | full-page OCR
Completed,16,20,Utah Golf Association,Bonneville GC Challenge,Bonneville GC Challenge,Utah Golf Association,2026-05-11,2026-05-22,47,0,46,full-page OCR | corrected detail | full-page OCR
Completed,16,21,Florida State Golf Association,Dunedin Golf Club Challenge,Sebring Golf Club Challenge,Florida State Golf Association,2026-05-15,2026-06-14,7,4,43,full-page OCR | full-page OCR | full-page OCR
Completed,16,22,Ohio Golf Association,Raymond Memorial Golf Course Challenge,Raymond Memorial Golf Course Challenge,Ohio Golf Association,2026-05-20,2026-06-10,28,3,41,full-page OCR | full-page OCR | full-page OCR
Completed,16,23,Greater Cincinnati Golf Association,Armco Park Golf Course Warren County,Armco Park Golf Course Warren County_Ch...,Greater Cincinnati Golf Associa...,2026-05-01,2026-07-31,8,4,23,row-context OCR | row-context OCR | full-page OCR
Completed,16,24,Montana State Golf Association,2026 GHIN Challenge @ Scobey Golf Club...,2026 GHIN Challenge_@ Scobey_Golf Club…,Montana State Golf Association,2026-06-01,2026-06-30,5,2,12,corrected detail | full-page OCR | full-page OCR
Completed,16,25,Idaho Golf Association,Montpelier Golf Course Challenge,Montpelier Golf Course Challenge,Idaho Golf Association,2026-06-01,2026-06-30,1,1,6,full-page OCR | full-page OCR | visual review
Completed,17,1,Montana State Golf Association,2026 GHIN Challenge @ Canyon River Golf...,2026 GHIN Challenge_@ Canyon River Gol..,Montana State Golf Association,2026-05-01,2026-05-31,63,25,186,full-page OCR | full-page OCR | full-page OCR
Completed,17,2,Montana State Golf Association,2026 GHIN Challenge @ Linda Vista Golf...,2026 GHIN Challenge@ Linda Vista Golf ...,Montana State Golf Association,2026-05-01,2026-05-31,4,2,6,full-page OCR | full-page OCR | full-page OCR
Completed,17,3,Idaho Golf Association,Sand Creek Golf Course Challenge,Sand Creek Golf Course Challenge|,Idaho Golf Association,2026-06-01,2026-06-30,49,21,141,full-page OCR | full-page OCR | full-page OCR
Completed,17,4,Montana State Golf Association,2026 GHIN Challenge @ Prairie Farms Gol...,2026 GHIN Challenge_@ Prairie Farms Gol..,Montana State Golf Association,2026-06-01,2026-06-30,10,2,12,full-page OCR | full-page OCR | full-page OCR
Completed,17,5,Southern California Golf Association,SCGA Summer Challenge'26,SCGA Summer Challenge'26,Southern California Golf Associ…,2026-06-01,2026-08-14,181,47,397,full-page OCR | full-page OCR | full-page OCR
Completed,17,6,Louisiana Golf Association,Links on the Bayou Challenge #2,One Club Challenge,Alabama Golf Association,2026-06-01,2026-08-01,2,0,2,full-page OCR | visual zero | full-page OCR
Completed,17,7,Montana State Golf Association,2026 GHIN Challenge @ Deer Park Golf Co...,2026 GHIN Challenge@ Plentywood Golf…,Montana State Golf Association|,2026-07-01,2026-07-31,13,8,42,full-page OCR | full-page OCR | full-page OCR
Completed,17,8,Ohio Golf Association,July Cumberland Trail Golf Course Challenge,July Cumberland Trail Golf Course Challenge,Ohio Golf Association,2026-07-01,2026-07-31,57,21,158,full-page OCR | full-page OCR | full-page OCR
Completed,17,9,Alabama Golf Association,Vestavia Country Club Challenge,Vestavia Country Club Challenge,Alabama Golf Association,2026-06-01,2026-08-01,134,81,626,full-page OCR | full-page OCR | full-page OCR
Completed,17,10,Greater Cincinnati Golf Association,Legendary Run Golf Course Challenge,Legendary Run Golf Course Challenge,Greater Cincinnati Golf Associa.,2026-05-01,2026-07-31,61,26,263,full-page OCR | full-page OCR | full-page OCR
Completed,17,11,Montana State Golf Association,2026 GHIN Challenge @ Big Sky Golf Cour...,2026 GHIN Challenge @ Big Sky Golf Cour….,Montana State Golf Association,2026-05-01,2026-05-31,17,7,45,full-page OCR | full-page OCR | full-page OCR
Completed,17,12,Greater Cincinnati Golf Association,Lakeside/Meadows Challenge,Lakeside/Meadows Challenge,Greater Cincinnati Golf Associa.,2026-05-01,2026-07-31,16,2,24,full-page OCR | corrected detail | full-page OCR
Completed,17,13,GAP,GAP GHIN Challenge at Green Pond Countr...,GAP GHIN Challenge at Green Pond Countr..,GAP,2026-04-01,2026-05-17,36,11,77,full-page OCR | full-page OCR | full-page OCR
Completed,17,14,GAP,GAP GHIN Challenge at Five Ponds Golf Club,GAP GHIN Challenge at Five Ponds Golf Club,GAP,2026-04-01,2026-05-17,120,34,275,full-page OCR | full-page OCR | full-page OCR
Completed,17,15,Idaho Golf Association,Elk Valley Resort Challenge,Elk Valley Resort Challenge,Idaho Golf Association,2026-06-01,2026-06-30,3,1,7,row-context OCR | full-page OCR | visual review
Completed,17,16,Idaho Golf Association,Middle/North Challenge,Middle/North Challenge,Idaho Golf Association,2026-06-01,2026-06-30,4,1,9,full-page OCR | full-page OCR | full-page OCR
Completed,17,17,Idaho Golf Association,Meadow Creek Golf Resort Challenge,Meadow Creek Golf Resort Challenge,Idaho Golf Association,2026-06-01,2026-06-30,24,8,54,full-page OCR | row-context OCR | full-page OCR
Completed,17,18,Montana State Golf Association,2026 GHIN Challenge @ Yellowstone Coun...,2026 GHIN Challenge@Yellowstone Cou…,Montana State Golf Association,2026-06-01,2026-06-30,63,29,180,full-page OCR | full-page OCR | full-page OCR
Completed,17,19,Montana State Golf Association,2026 GHIN Challenge @ Butte Country Cl...,2026 GHIN Challenge@MissoulaCountry... Montana State Golf Association,,2026-06-01,2026-06-30,78,39,263,full-page OCR | full-page OCR | full-page OCR
Completed,17,20,Greater Cincinnati Golf Association,Hickory Woods Golf Course Challenge,Hickory Woods Golf Course Challenge,Greater Cincinnati Golf Associa.,2026-05-01,2026-07-31,100,50,466,full-page OCR | full-page OCR | full-page OCR
Completed,17,21,Oklahoma Golf Association,Kickingbird Golf Club Challenge,Sugar Ridge Golf Club Challenge |,Greater Cincinnati Golf Associa..,2026-05-01,2026-07-31,25,7,49,full-page OCR | full-page OCR | full-page OCR
Completed,17,22,Southern California Golf Association,SCGA Summer Challenge '26,SCGA Summer Challenge '26,Southern California Golf Associ….,2026-06-01,2026-08-14,163,64,534,full-page OCR | full-page OCR | full-page OCR
Completed,17,23,Montana State Golf Association,2026 GHIN Challenge @ Eagle Falls Golf Cl...,2026 GHIN Challenge_@ Eagle Falls Golf C...,Montana State Golf Association,2026-06-01,2026-06-30,32,14,102,full-page OCR | full-page OCR | full-page OCR
Completed,17,24,Idaho Golf Association,Challis Golf Course Challenge,Jefferson Hills Golf Course Challenge,Idaho Golf Association,2026-06-01,2026-06-30,56,30,187,full-page OCR | full-page OCR | full-page OCR
Completed,17,25,Idaho Golf Association,Twin Falls Golf Club Challenge,Twin Falls Golf Club Challenge,Idaho Golf Association,2026-06-01,2026-06-30,71,31,256,full-page OCR | full-page OCR | full-page OCR
Completed,18,1,Oklahoma Golf Association,Battle at Forest Ridge,Battle at Forest Ridge,Oklahoma Golf Association,2026-04-01,2026-05-31,79,59,662,full-page OCR | full-page OCR | full-page OCR
Completed,18,2,Montana State Golf Association,2026 GHIN Challenge @ Eaglerock Golf Co...,2026 GHIN Challenge@ Eaglerock Golf C….,Montana State Golf Association,2026-06-01,2026-06-30,23,6,45,full-page OCR | full-page OCR | full-page OCR
Completed,18,3,Alabama Golf Association,Enterprise Country Club Challenge,Enterprise Country_Club Challenge,Alabama Golf Association,2026-05-01,2026-06-30,34,26,286,full-page OCR | full-page OCR | full-page OCR
Completed,18,4,Metropolitan Golf Association,Bearkat Course 2026 Summer Challenge,Bearkat Course 2026 Summer Challenge,Texas Golf Association,2026-05-22,2026-08-19,40,25,358,full-page OCR | full-page OCR | full-page OCR
Completed,18,5,Central Links Golf,Mariah Hills Golf Course Challenge,Mariah Hills Golf Course Challenge,Central Links Golf,2026-04-09,2026-05-23,11,5,48,full-page OCR | full-page OCR | full-page OCR
Completed,18,6,Alabama Golf Association,Terrapin Hills Country Club Challenge,Terrapin Hills Country_Club Challenge,Alabama Golf Association,2026-06-01,2026-08-01,10,9,49,full-page OCR | full-page OCR | full-page OCR
Completed,18,7,Metropolitan Golf Association,South/West 2023 Challenge,South/West 2023 Challenge,Idaho Golf Association,2026-06-01,2026-06-30,6,1,9,full-page OCR | full-page OCR | full-page OCR
Completed,18,8,Alabama Golf Association,The Pines of Millbrook Challenge,The Pines of Millbrook Challenge,Alabama Golf Association,2026-04-01,2026-05-31,8,3,29,full-page OCR | row-context OCR | full-page OCR
Completed,18,9,Montana State Golf Association,2026 GHIN Challenge @ Canyon River Golf...,2026 GHIN Challenge_@ Valley View Golf….,Montana State Golf Association,2026-07-01,2026-07-31,66,46,293,full-page OCR | full-page OCR | full-page OCR
Completed,18,10,GAP,GAP GHIN Challenge at Jeffersonville Golf...,GAP GHIN Challenge at Jeffersonville Golf….,GAP,2026-04-01,2026-05-17,195,34,373,row-context OCR | full-page OCR | full-page OCR
Completed,18,11,Louisiana Golf Association,Links on the Bayou Challenge,Links on the Bayou Challenge #2,Louisiana Golf Association,2026-05-15,2026-06-15,11,3,20,full-page OCR | visual review | full-page OCR
Completed,18,12,Greater Cincinnati Golf Association,Snow Hill Country Club Challenge,Snow Hill Country Club Challenge,Greater Cincinnati Golf Associa...,2026-05-01,2026-07-31,40,16,198,full-page OCR | full-page OCR | full-page OCR
Completed,18,13,Southern California Golf Association,SCGA Summer Challenge '26,SCGA Summer Challenge '26,Southern California Golf Associ…..,2026-06-01,2026-08-14,173,68,603,full-page OCR | full-page OCR | full-page OCR
Completed,18,14,Metropolitan Golf Association,Battle Crook Challenge,Battle Creek Challenge,Oklahoma Golf Association,2026-06-01,2026-07-31,92,49,582,full-page OCR | full-page OCR | full-page OCR
Completed,18,15,Metropolitan Golf Association,Oxford Country Club Challenge,Oxford Country Club Challenge,Greater Cincinnati Golf Associa….,2026-05-01,2026-07-31,16,11,77,full-page OCR | full-page OCR | full-page OCR
Completed,18,16,Montana State Golf Association,2026 GHIN Challenge @ Choteau Country ...,2026 GHIN Challenge_@ The Ranch Club C...,Montana State Golf Association,2026-07-01,2026-07-31,85,43,312,full-page OCR | full-page OCR | full-page OCR
Completed,18,17,Golf Association of Michigan,EAGLE EYE GC Challenge,EAGLE EYE GC Challenge,Golf Association of Michigan,2026-06-01,2026-07-31,103,23,229,full-page OCR | full-page OCR | full-page OCR
Completed,18,18,Idaho Golf Association,Oregon Trail Country Club Challenge,Oregon Trail Country_Club Challenge,Idaho Golf Association,2026-06-01,2026-06-30,15,8,48,full-page OCR | corrected detail | full-page OCR
Completed,18,19,Alabama Golf Association,Big Spring Lake Country Club Challenge,Big Spring Lake Country_Club Challenge,Alabama Golf Association,2026-05-01,2026-06-30,6,4,60,full-page OCR | full-page OCR | full-page OCR
Completed,18,20,Idaho Golf Association,North/West 2023 Challenge,North/West 2023 Challenge,Idaho Golf Association,2026-06-01,2026-06-30,4,0,5,full-page OCR | corrected detail | full-page OCR
Completed,18,21,Texas Golf Association,Quicksand Golf Course 2026 Summer Chal...,Quicksand Golf Course 2026 Summer Chal..,Texas Golf Association,2026-06-03,2026-08-16,30,21,182,full-page OCR | full-page OCR | full-page OCR
Completed,18,22,Alabama Golf Association,Atmore Country Club Challenge,Pikeville Country _Club Challenge,Alabama Golf Association,2026-06-01,2026-08-01,3,1,8,full-page OCR | full-page OCR | visual review
Completed,18,23,Iowa Golf Association,2026 Summer Showdown - Prairie Links,2026 Summer Showdown - Prairie Links,lowa Golf Association,2026-06-15,2026-07-15,66,33,254,full-page OCR | full-page OCR | full-page OCR
Completed,18,24,Florida State Golf Association,Arlington Ridge Golf Club Challenge,Arlington Ridge Golf Club Challenge,Florida State Golf Association,2026-05-15,2026-06-14,50,33,352,full-page OCR | full-page OCR | full-page OCR
Completed,18,25,GAP,GAP GHIN Challenge at Allentown Municipal,GAP GHIN Challenge at Allentown Municipal,GAP,2026-05-18,2026-06-29,117,51,318,full-page OCR | full-page OCR | full-page OCR
Completed,19,1,Nebraska Golf Association,Jackrabbit Run Golf Course Challenge,Jackrabbit Run Golf Course Challenge,Nebraska Golf Association,2026-05-04,2026-05-31,14,4,25,full-page OCR | corrected detail | full-page OCR
Completed,19,2,Southern California Golf Association,SCGA Summer Challenge '26,SCGA Summer Challenge '26,Southern California Golf Associ…,2026-06-01,2026-08-14,186,56,492,full-page OCR | full-page OCR | full-page OCR
Completed,19,3,Colorado Golf Association,CommonGround Golf Course Challenge,CommonGround Golf Course Challenge,Colorado Golf Association,2026-06-03,2026-07-15,277,85,728,full-page OCR | full-page OCR | full-page OCR
Completed,19,4,Mass Golf,SCGA Summer Challenge '26,SCGA Summer Challenge '26,Southern California Golf Associ…,2026-06-01,2026-08-14,83,43,411,full-page OCR | full-page OCR | full-page OCR
Completed,19,5,Idaho Golf Association,Targhee Village Golf Course Challenge,Targhee Village Golf Course Challenge,Idaho Golf Association,2026-06-01,2026-06-30,2,0,3,full-page OCR | corrected detail | visual review
Completed,19,6,Iowa Golf Association,Safari GC Challenge,Safari GC Challenge,Ohio Golf Association,2026-05-20,2026-06-10,23,0,22,full-page OCR | corrected detail | full-page OCR
Completed,19,7,Delaware State Golf Association,Buckeye Hills Country Club Challenge,Buckeye Hills Country Club Challenge,Greater Cincinnati Golf Associa.,2026-05-01,2026-07-31,29,18,403,full-page OCR | full-page OCR | full-page OCR
Completed,19,8,Sun Country Amateur Golf Association,Grizzly Course Challenge,Grizzly Course Challenge,Greater Cincinnati Golf Associa...,2026-05-01,2026-07-31,114,58,819,full-page OCR | full-page OCR | full-page OCR
Completed,19,9,Carolinas Golf Association,Bayonet Golf Club Challenge,Bayonet Golf Club Challenge,Carolinas Golf Association,2026-05-01,2026-05-31,40,9,78,full-page OCR | full-page OCR | full-page OCR
Completed,19,10,Greater Cincinnati Golf Association,East/West Challenge,East/West Chaltenge,Greater Cincinnati Golf Associa...,2026-05-01,2026-07-31,19,2,25,full-page OCR | full-page OCR | full-page OCR
Completed,19,11,Florida State Golf Association,MetroWest Golf Club Challenge,MetroWest Golf Club Challenge,Florida State Golf Association,2026-05-15,2026-06-14,18,2,19,full-page OCR | full-page OCR | full-page OCR
Completed,19,12,GAP,GAP GHIN Challenge at Reading CC,GAP GHIN Challenge at Reading CC,GAP,2026-07-01,2026-08-12,50,25,222,full-page OCR | full-page OCR | full-page OCR
Completed,19,13,Montana State Golf Association,2026 GHIN Challenge @ Butte Country Cl...,2026 GHIN Challenge @ Butte Country_Cl..,Montana State Golf Association,2026-05-01,2026-05-31,48,27,201,full-page OCR | full-page OCR | full-page OCR
Completed,19,14,Metropolitan Golf Association,Crystal Falls Golf Club 2026 Summer Chal...,Crystal Falls Golf Club 2026 Summer Chal..,Texas Golf Association,2026-05-22,2026-08-19,89,34,364,full-page OCR | full-page OCR | full-page OCR
Completed,19,15,Louisiana Golf Association,Beaver Creek GC Challenge,Beaver Creek GC Challenge #2,Louisiana Golf Association,2026-05-15,2026-06-15,63,25,166,full-page OCR | full-page OCR | full-page OCR
Completed,19,16,Southern California Golf Association,SCGA Summer Challenge '26,SCGA Summer Challenge '26,Southern California Golf Associ…..,2026-06-01,2026-08-14,152,38,373,full-page OCR | full-page OCR | full-page OCR
Completed,19,17,Texas Golf Association,Battleground at Deor Park Golf Club 2026...,Battleground at Deer Park Golf Club 2026 ...,Texas Golf Association,2026-06-01,2026-07-31,27,7,57,full-page OCR | full-page OCR | full-page OCR
Completed,19,18,Florida State Golf Association,Costa Del Sol Golf Club Challenge,Costa Del Sol Golf Club Challenge,Florida State Golf Association,2026-05-15,2026-06-14,27,11,83,full-page OCR | full-page OCR | full-page OCR
Completed,19,19,Metropolitan Golf Association,Cumberland Trail Golf Course Challenge,Cumberland Trail Golf Course Challenge,Ohio Golf Association,2026-05-20,2026-06-10,54,16,114,full-page OCR | full-page OCR | full-page OCR
Completed,19,20,Carolinas Golf Association,Lake Winds GC Challenge,Lake Winds GC Challenge,Carolinas Golf Association,2026-06-01,2026-06-30,63,32,220,full-page OCR | full-page OCR | full-page OCR
Completed,19,21,Idaho Golf Association,North/South Challenge,North/South Challenge,Idaho Golf Association,2026-06-01,2026-06-30,20,3,25,full-page OCR | visual review | full-page OCR
Completed,19,22,Montana State Golf Association,2026 GHIN Challenge @ Trestle Creek Golf...,2026 GHIN Challenge @ Trestle Creek Gol...,Montana State Golf Association,2026-05-01,2026-05-31,6,3,11,full-page OCR | full-page OCR | full-page OCR
Completed,19,23,Ohio Golf Association,The Golf Club of Dublin Challenge,The Golf Club of Dublin Challenge,Ohio Golf Association,2026-05-20,2026-06-10,47,8,76,full-page OCR | full-page OCR | full-page OCR
Completed,19,24,Carolinas Golf Association,Bayonet Golf Club Challenge,2026 RDGA Sycamore Golf Club Challenge,Rochester District Golf Associat…,2026-06-01,2026-08-15,113,41,500,full-page OCR | full-page OCR | full-page OCR
Completed,19,25,Ohio Golf Association,Chapel Hill Golf Course Challenge,Chapel Hill Golf Course Challenge,Ohio Golf Association,2026-05-20,2026-06-10,13,2,14,full-page OCR | full-page OCR | full-page OCR
Completed,20,1,Mass Golf,1929 CLUB ONLY - George Wright Golf Co...,1929 CLUB ONLY - George Wright Golf Co...,Mass Golf,2026-07-01,2026-08-15,57,4,45,full-page OCR | full-page OCR | full-page OCR
Completed,20,2,Ohio Golf Association,Denison Golf Club Challenge,Denison Golf Club Challenge,Ohio Golf Association,2026-05-20,2026-06-10,40,19,114,full-page OCR | full-page OCR | full-page OCR
Completed,20,3,Southern California Golf Association,SCGA Summer Challenge '26,SCGA Summer Challenge '26,Southern California Golf Associ…,2026-06-01,2026-08-14,358,58,657,full-page OCR | full-page OCR | full-page OCR
Completed,20,4,Idaho Golf Association,Desert Canyon Golf Course Challenge,Desert Canyon Golf Course Challense,Idaho Golf Association,2026-06-01,2026-06-30,26,18,97,full-page OCR | full-page OCR | full-page OCR
Completed,20,5,Montana State Golf Association,2026 GHIN Challenge @ Forsyth Country ...,2026 GHIN Challenge@ Forsyth Country...,Montana State Golf Association,2026-06-01,2026-06-30,21,8,46,full-page OCR | full-page OCR | full-page OCR
Completed,20,6,Southern California Golf Association,SCGA Summer Challenge '26,SCGA Summer Challenge '26,Southern California Golf Associ..,2026-06-01,2026-08-14,299,64,572,full-page OCR | full-page OCR | full-page OCR
Completed,20,7,Louisiana Golf Association,Wetlands Challenge #2,Wetlands Challenge w2,Louisiana Golf Association,2026-05-15,2026-06-15,24,9,83,full-page OCR | full-page OCR | full-page OCR
Completed,20,8,Idaho Golf Association,River Bend Golf Course Challenge,Twin Run Golf Course Challenge,Greater Cincinnati Golf Associa….,2026-05-01,2026-07-31,17,7,124,full-page OCR | row-context OCR | full-page OCR
Completed,20,9,Idaho Golf Association,River Birch Golf Course Challenge,River Birch Golf Course Challenge,Idaho Golf Association,2026-06-01,2026-06-30,96,27,214,full-page OCR | full-page OCR | full-page OCR
Completed,20,10,Montana State Golf Association,2026 GHIN Challenge @ Meadow Lark Cou...,2026 GHIN Challenge @ Meadow Lark Co...,Montana State Golf Association,2026-05-01,2026-05-31,74,42,266,full-page OCR | full-page OCR | full-page OCR
Completed,20,11,Alabama Golf Association,Dunes/Lakes Challenge,Gypress Lakes Challenge,Alabama Golf Association,2026-06-01,2026-08-01,21,10,73,full-page OCR | full-page OCR | full-page OCR
Completed,20,12,Texas Golf Association,Fort Worth Golf Assoc-Meadowbrook Cour...,Fort Worth Golf Assoc-Meadowbrook Cour..,Texas Golf Association,2026-05-22,2026-08-19,165,44,503,full-page OCR | full-page OCR | full-page OCR
Completed,20,13,Ohio Golf Association,Delaware Golf Club Challenge,Delaware Golf Club Challenge,Ohio Golf Association,2026-05-20,2026-06-10,39,10,78,full-page OCR | full-page OCR | full-page OCR
Completed,20,14,Idaho Golf Association,Hazard Creek Golf Course Challenge,Hazard Creek Golf Course Challenge,Idaho Golf Association,2026-06-01,2026-06-30,2,0,3,full-page OCR | corrected detail | full-page OCR
Completed,20,15,Idaho Golf Association,The Club at SpurWing Primary Challenge,The Club at SpurWing Primary Challenge,Idaho Golf Association,2026-06-01,2026-06-30,92,65,406,full-page OCR | full-page OCR | full-page OCR
Completed,20,16,Montana State Golf Association,2026 GHIN Challenge @ The Reserve at M...,2026 GHIN Challenge @ The Reserve at M...,Montana State Golf Association,2026-06-01,2026-06-30,29,12,83,full-page OCR | full-page OCR | full-page OCR
Completed,20,17,Idaho Golf Association,Clear Lake Country Club Challenge,Clear Lake Country Club Challenge,Idaho Golf Association,2026-06-01,2026-06-30,62,33,253,full-page OCR | full-page OCR | full-page OCR
Completed,20,18,Idaho Golf Association,Rivers Edge Golf Club at Burley Challenge,Rivers Edge Golf Club at Burley _Challenge,Idaho Golf Association,2026-06-01,2026-06-30,23,12,91,row-context OCR | full-page OCR | full-page OCR
Completed,20,19,Golf Association of Michigan,ALPENA GOLF CLUB Challenge,ALPENA GOLF CLUB Challenge,Golf Association of Michigan,2026-07-01,2026-07-31,39,16,104,full-page OCR | full-page OCR | full-page OCR
Completed,20,20,Idaho Golf Association,Warm Springs Golf Course Challenge,Warm Springs Golf Course Challenge,Idaho Golf Association,2026-06-01,2026-06-30,90,30,224,full-page OCR | full-page OCR | full-page OCR
Completed,20,21,Idaho Golf Association,Salmon Valley Golf Course Challenge,Salmon Valley Golf Course Challenge,Idaho Golf Association,2026-06-01,2026-06-30,8,3,16,full-page OCR | full-page OCR | full-page OCR
Completed,20,22,Greater Cincinnati Golf Association,The Links at Rising Star Challenge,The Links at Rising Star Challenge,Greater Cincinnati Golf Associa..,2026-05-01,2026-07-31,19,4,44,full-page OCR | full-page OCR | full-page OCR
Completed,20,23,Greater Cincinnati Golf Association,Red/White Challenge,Red/White Challenge,Greater Cincinnati Golf Associa..,2026-05-01,2026-07-31,6,1,9,row-context OCR | full-page OCR | full-page OCR
Completed,20,24,Oklahoma Golf Association,Firolake Net Open,Firelake Net Open,Oklahoma Golf Association,2026-06-01,2026-07-31,44,16,148,full-page OCR | full-page OCR | full-page OCR
Completed,20,25,Ohio Golf Association,Cumberland Trail Golf Course Challenge,July Raymond Memorial Golf Course Chall..,Ohio Golf Association,2026-07-01,2026-07-31,40,13,96,full-page OCR | full-page OCR | full-page OCR
Completed,21,1,Virginia State Golf Association,"Shenandoah Valley Golf Club, Old Course C...","Shenandoah Valley_Golf Club, Old Course...",Virginia State Golf Association,2026-06-01,2026-06-30,42,11,97,full-page OCR | full-page OCR | full-page OCR
Completed,21,2,Idaho Golf Association,Falcon Crest Golf Course Temporary Challe...,Falcon Crest Golf Course Temporary Challe.. Idaho Golf Association,,2026-06-01,2026-06-30,39,9,54,full-page OCR | full-page OCR | full-page OCR
Completed,21,3,Rochester District Golf Association,2026 ROGA The Links at Greystone Challe...,2026 RDGA The Links at Greystone Challe...,Rochester District Golf Associat…,2026-06-01,2026-08-15,146,31,350,full-page OCR | full-page OCR | full-page OCR
Completed,21,4,Oklahoma Golf Association,LaFortune Park GC Challenge,Santee Cooper CC Challenge,Carolinas Golf Association,2026-07-01,2026-07-31,57,24,145,full-page OCR | full-page OCR | full-page OCR
Completed,21,5,Texas Golf Association,Landa Park Golf Course 2026 Summer Cha...,Landa Park Golf Course 2026 Summer Cha...,Texas Golf Association,2026-05-23,2026-08-20,134,85,766,full-page OCR | full-page OCR | full-page OCR
Completed,21,6,Idaho Golf Association,Rupert Country Club Challenge,Rupert Country Club Challenge,Idaho Golf Association,2026-06-01,2026-06-30,49,27,183,full-page OCR | full-page OCR | full-page OCR
Completed,21,7,Idaho Golf Association,River Bend Golf Course Challenge,River Bend Golf Course Challenge,Idaho Golf Association,2026-06-01,2026-06-30,22,5,29,full-page OCR | full-page OCR | full-page OCR
Completed,21,8,Idaho Golf Association,Blackfoot Golf Course Challenge,Blackfoot Golf Course Challenge,Idaho Golf Association,2026-06-01,2026-06-30,38,25,171,full-page OCR | full-page OCR | full-page OCR
Completed,21,9,Idaho Golf Association,Challis Golf Course Challenge,Challis Golf Course Challenge,Idaho Golf Association,2026-06-01,2026-06-30,1,0,0,full-page OCR | corrected detail | corrected detail
Completed,21,10,Idaho Golf Association,Rolling Hills Golf Course Challenge,Rolling Hills Golf Course Challenge,Idaho Golf Association,2026-06-01,2026-06-30,12,6,51,full-page OCR | full-page OCR | full-page OCR
Completed,21,11,Greater Cincinnati Golf Association,Brook & Lake Challenge,Brook & Lake Challenge,Greater Cincinnati Golf Associa...,2026-05-01,2026-07-31,22,2,32,full-page OCR | full-page OCR | full-page OCR
Completed,21,12,Montana State Golf Association,2026 GHIN Challenge @Green Meadow...,2026 GHIN Challenge_@ Green Meadow C...,Montana State Golf Association,2026-07-01,2026-07-31,82,51,361,full-page OCR | full-page OCR | full-page OCR
Completed,21,13,Southern California Golf Association,SCGA Summer Challenge '26,SCGA Summer Challenge '26,Southern California Golf Associ...,2026-06-01,2026-08-14,206,35,431,full-page OCR | full-page OCR | full-page OCR
Completed,21,14,Idaho Golf Association,Ridgecrest Challenge,Ridgecrest Challenge,Idaho Golf Association,2026-06-01,2026-06-30,48,13,99,full-page OCR | full-page OCR | full-page OCR
Completed,21,15,Ohio Golf Association,Delaware Golf Club Challenge,July Delaware Golf Club Challenge,Ohio Golf Association,2026-07-01,2026-07-31,54,21,159,full-page OCR | full-page OCR | full-page OCR
Completed,21,16,Metropolitan Golf Association,2026 GHIN Challenge @ Cottonwood Cou...,2026 GHIN Challenge@Cottonwood Cou…,Montana State Golf Association,2026-07-01,2026-07-31,6,1,14,row-context OCR | full-page OCR | full-page OCR
Completed,21,17,Texas Golf Association,Sherrill Park Course #1 Challenge,CHANDLER PARK GOLF COURSE Challenge,Golf Association of Michigan,2026-06-01,2026-07-31,69,10,113,full-page OCR | full-page OCR | full-page OCR
Completed,21,18,Idaho Golf Association,Council Greens Challenge,SAWMILL GC Challenge,Golf Association of Michigan,2026-06-01,2026-07-31,36,18,185,full-page OCR | full-page OCR | full-page OCR
Completed,21,19,Montana State Golf Association,MSGA Challenge - Cottonwood Hills GC,2026 GHIN Challenge_@ Cottonwood Hills….,Montana State Golf Association,2026-06-01,2026-06-30,88,38,279,full-page OCR | full-page OCR | full-page OCR
Completed,21,20,Ohio Golf Association,Glenross GC Challenge,July Glenross GC Challenge,Ohio Golf Association,2026-07-01,2026-07-31,55,15,131,full-page OCR | full-page OCR | full-page OCR
Completed,21,21,Texas Golf Association,Los Lagos Golf Club 2026 Summer Challenge...,Los Lagos Golf Club 2026 Summer Challen...,Texas Golf Association,2026-06-03,2026-08-01,25,11,113,full-page OCR | full-page OCR | full-page OCR
Completed,21,22,Carolinas Golf Association,Wilmington Muni Challenge,Wilmington Muni Challenge,Carolinas Golf Association,2026-06-01,2026-06-30,144,54,331,full-page OCR | full-page OCR | full-page OCR
Completed,21,23,GAP,GAP GHIN Challenge at Northampton Valle...,GAP GHIN Challenge at Northampton Valle...,GAP,2026-05-18,2026-06-29,104,40,290,full-page OCR | full-page OCR | full-page OCR
Completed,21,24,Greater Cincinnati Golf Association,Majestic Springs Golf Course Challenge,Majestic Springs Golf Course Challenge,Greater Cincinnati Golf Associa...,2026-05-01,2026-07-31,56,15,115,full-page OCR | full-page OCR | full-page OCR
Completed,21,25,Greater Cincinnati Golf Association,Vineyard Golf Course Challenge,Vineyard Golf Course Challenge,Greater Cincinnati Golf Associa…..,2026-05-01,2026-07-31,85,31,280,full-page OCR | full-page OCR | full-page OCR
Completed,22,1,Alabama Golf Association,Lakes/Cypress Challenge,Lakes/Cypress Challenge,Alabama Golf Association,2026-05-01,2026-06-30,45,19,133,full-page OCR | full-page OCR | full-page OCR
Completed,22,2,Metropolitan Golf Association,2026 Summer Showdown - Shenandoah,2026 Summer Showdown - Shenandoah,lowa Golf Association,2026-06-15,2026-07-15,20,16,103,full-page OCR | full-page OCR | full-page OCR
Completed,22,3,Southern California Golf Association,SCGA Summer Challenge '26,SCGA Summer Challenge '26,Southern California Golf Associ….,2026-06-01,2026-08-14,121,19,200,full-page OCR | full-page OCR | full-page OCR
Completed,22,4,Southern California Golf Association,SCGA Summer Challenge '26,SCGA Summer Challenge '26,Southern California Golf Associ.,2026-06-01,2026-08-14,258,69,654,full-page OCR | full-page OCR | full-page OCR
Completed,22,5,Maine Golf,Stillmeadow Country Club Challenge,Stillmeadow Country_Club Challenge,Greater Cincinnati Golf Associa...,2026-05-08,2026-07-31,34,26,337,full-page OCR | full-page OCR | full-page OCR
Completed,22,6,Wyoming State / Colorado GA,Olive Glenn Golf & Country Club Challenge,Olive Glenn Golf & Country Club Challenge,Wyoming State / Colorado GA,2026-07-01,2026-08-16,66,46,296,full-page OCR | full-page OCR | full-page OCR
Completed,22,7,Alabama Golf Association,Alpine Bay Golf Club Challenge,Hidden Valley_Golf Club Challenge,Greater Cincinnati Golf Associa...,2026-05-01,2026-07-31,37,30,347,full-page OCR | full-page OCR | full-page OCR
Completed,22,8,Montana State Golf Association,2026 GHIN Challenge @ Bridger Creek Gol...,2026 GHIN Challenge @ Bridger Creek Gol..,Montana State Golf Association,2026-07-01,2026-07-31,86,42,241,full-page OCR | full-page OCR | full-page OCR
Completed,22,9,Texas Golf Association,Gus Wortham Park Golf Course 2026 Sum...,Gus Wortham Park Golf Course 2026 Sum...,Texas Golf Association,2026-05-23,2026-07-31,271,97,692,full-page OCR | full-page OCR | full-page OCR
Completed,22,10,Idaho Golf Association,Tributary Golf Club Challenge,Tributary_Golf Club Chaltenge,Idaho Golf Association,2026-06-01,2026-06-30,31,9,64,full-page OCR | full-page OCR | full-page OCR
Completed,22,11,Utah Golf Association,Deer Track Golf Course Challenge,Deer Track Golf Course Challenge,Greater Cincinnati Golf Associa...,2026-05-01,2026-07-31,8,3,29,corrected detail | full-page OCR | full-page OCR
Completed,22,12,Louisiana Golf Association,Querbes Park GC Challenge #2,Querbes Park GC Challengo #2,Louisiana Golf Association,2026-05-15,2026-06-15,31,14,83,full-page OCR | full-page OCR | full-page OCR
Completed,22,13,Greater Cincinnati Golf Association,Hickory Sticks Golf Course Challenge,Hickory Sticks Golf Course Challengg,Greater Cincinnati Golf Associa...,2026-05-01,2026-07-31,35,11,112,full-page OCR | full-page OCR | full-page OCR
Completed,22,14,Idaho Golf Association,RedHawk Golf Course Challenge,RedHawk Golf Course Challenge,Idaho Golf Association,2026-06-01,2026-06-30,63,27,187,full-page OCR | full-page OCR | full-page OCR
Completed,22,15,Idaho Golf Association,Blue Lakes Country Club Challenge,Blue Lakes Country Club Challenge,Idaho Golf Association,2026-06-01,2026-06-30,49,26,153,full-page OCR | full-page OCR | full-page OCR
Completed,22,16,Texas Golf Association,Clay/Kizer Golf Club-Jimmy Clay Course,Clay/Kizer Golf Club-Jimmy_Clay Course 2...,Texas Golf Association,2026-05-15,2026-08-12,183,47,404,full-page OCR | full-page OCR | full-page OCR
Completed,22,17,Virginia State Golf Association,The Club at Viniterra Challenge,The Club at Viniterra Challenge,Virginia State Golf Association,2026-07-01,2026-07-31,61,29,200,full-page OCR | full-page OCR | full-page OCR
Completed,22,18,Idaho Golf Association,Trail Creek Challenge,Trail Creek Challenge,Idaho Golf Association,2026-06-01,2026-06-30,43,22,162,full-page OCR | full-page OCR | full-page OCR
Completed,22,19,Idaho Golf Association,Fairview Golf Course Challenge,Fairview Golf Course Challenge,Idaho Golf Association,2026-06-01,2026-06-30,7,3,22,full-page OCR | full-page OCR | full-page OCR
Completed,22,20,Montana State Golf Association,2026 GHIN Challenge @ Lake Hills Golf Cl...,2026 GHIN Challenge @ Lake Hills Golf Cl...,Montana State Golf Association,2026-07-01,2026-07-31,58,16,126,full-page OCR | full-page OCR | full-page OCR
Completed,22,21,Ohio Golf Association,Champions Golf Course Challenge,MINES GOLF COURSE Challenge,Golf Association of Michigan,2026-06-01,2026-07-31,102,13,122,full-page OCR | full-page OCR | visual review
Completed,22,22,GAP,GAP GHIN Challenge at Raven's Claw,GAP GHIN Challenge at Raven's Claw,GAP,2026-05-18,2026-06-29,116,30,282,full-page OCR | full-page OCR | full-page OCR
Completed,22,23,Idaho Golf Association,Elkhorn Golf Club Challenge,Elkhorn Golf Club Challenge,Idaho Golf Association,2026-06-01,2026-06-30,27,15,132,full-page OCR | full-page OCR | full-page OCR
Completed,22,24,Sun Country Amateur Golf Association,TAMAYA/CHEENA Challenge!,Osprey Meadows at Tamarack Challenge,Idaho Golf Association,2026-06-01,2026-06-30,16,3,29,full-page OCR | full-page OCR | full-page OCR
Completed,22,25,Idaho Golf Association,Lakeview Golf Club Challenge,Lakeview Golf Club Challenge,Idaho Golf Association,2026-06-01,2026-06-30,110,52,340,full-page OCR | full-page OCR | full-page OCR
Completed,23,1,Montana State Golf Association,2026 GHIN Challenge @ Whitefish Lake N.... _,2026 GHIN Challenge_@ Whitefish Lake N...,Montana State Golf Association,2026-06-01,2026-06-30,149,68,435,full-page OCR | full-page OCR | full-page OCR
Completed,23,2,GAP,GAP GHIN Challenge - Club at Twin Lakes,GAP GHIN Challenge - Club at Twin Lakes,GAP,2026-07-07,2026-08-11,49,14,89,full-page OCR | full-page OCR | full-page OCR
Completed,23,3,Greater Cincinnati Golf Association,Pebble Crock Golf Course Challenge,Pebble Creek Golf Course Challenge,Greater Cincinnati Golf Associa...,2026-05-01,2026-07-31,19,3,50,full-page OCR | full-page OCR | full-page OCR
Completed,23,4,Greater Cincinnati Golf Association,Willows Challenge,Willows Challenge,Greater Cincinnati Golf Associa…,2026-05-01,2026-07-31,42,17,102,full-page OCR | full-page OCR | full-page OCR
Completed,23,5,Montana State Golf Association,2026 GHIN Challenge @ Osprey to Osprey...,2026 GHIN Challenge_@ Osprey to Osprey...,Montana State Golf Association,2026-07-01,2026-07-31,11,1,11,full-page OCR | full-page OCR | full-page OCR
Completed,23,6,Nebraska Golf Association,Jackrabbit Run Golf Course Challenge,California Golf Course Challenge,Greater Cincinnati Golf Associa...,2026-05-01,2026-07-31,30,5,77,full-page OCR | full-page OCR | full-page OCR
Completed,23,7,Montana State Golf Association,2026 GHIN Challenge @ Double Arrow Go...,2026 GHIN Challenge_@ Double Arrow Go...,Montana State Golf Association,2026-07-01,2026-07-31,28,4,46,full-page OCR | full-page OCR | full-page OCR
Completed,23,8,Southern California Golf Association,SCGA Summer Challenge '26,SCGA Summer Challenge '26,Southern California Golf Associ….,2026-06-01,2026-08-14,328,76,683,full-page OCR | full-page OCR | full-page OCR
Completed,23,9,Idaho Golf Association,Boise Ranch Golf Course Challenge,Boise Ranch Golf Course Challenge,Idaho Golf Association,2026-06-01,2026-06-30,78,27,209,full-page OCR | full-page OCR | full-page OCR
Completed,23,10,Idaho Golf Association,Bigwood Golf Course Challenge,Bigwood Golf Course Challenge,Idaho Golf Association,2026-06-01,2026-06-30,20,10,64,full-page OCR | full-page OCR | full-page OCR
Completed,23,11,Montana State Golf Association,2026 GHIN Challenge @ Larchmont Golf C...__,2026 GHIN Challenge_@ Larchmont Golf C..,Montana State Golf Association,2026-06-01,2026-06-30,87,49,323,full-page OCR | full-page OCR | full-page OCR
Completed,23,12,Idaho Golf Association,Purple Sage Golf Course Challenge,Purple Sage Golf Course Challenge,Idaho Golf Association,2026-06-01,2026-06-30,64,17,147,full-page OCR | full-page OCR | full-page OCR
Completed,23,13,Idaho Golf Association,Falcon Crest Golf Course Challenge,Falcon Crest Golf Course Challenge,Idaho Golf Association,2026-06-01,2026-06-30,28,4,44,full-page OCR | full-page OCR | full-page OCR
Completed,23,14,Carolinas Golf Association,Test Haracz Test Club Challenge,Centennial Golf Club Challenge,Idaho Golf Association,2026-06-01,2026-06-30,54,13,119,full-page OCR | full-page OCR | full-page OCR
Completed,23,15,Iowa Golf Association,"2026 Summer Showdown - Legacy,",2026 Summer Showdown - Legacy.,lowa Golf Association,2026-06-15,2026-07-15,75,21,155,full-page OCR | full-page OCR | full-page OCR
Completed,23,16,Idaho Golf Association,Shadow Valley Golf Course Challenge,Shadow Valley Golf Course Challenge,Idaho Golf Association,2026-06-01,2026-06-30,64,15,113,full-page OCR | full-page OCR | full-page OCR
Completed,23,17,Indiana Golf Association,Ackerman-Allen Course Challenge,Miami Whitewater Golf Course Challenge,Greater Cincinnati Golf Associa...,2026-05-01,2026-07-31,56,21,176,full-page OCR | full-page OCR | full-page OCR
Completed,23,18,Idaho Golf Association,Hillcrest Country Club Challenge,Hillcrest Country _Club Challenge,Idaho Golf Association,2026-06-01,2026-06-30,134,75,461,full-page OCR | full-page OCR | full-page OCR
Completed,23,19,Montana State Golf Association,2026 GHIN Challenge @ Yegen Golf Club C...,2026 GHIN Challenge_@ Hilands Golf Club...,Montana State Golf Association,2026-07-01,2026-07-31,32,20,149,full-page OCR | full-page OCR | full-page OCR
Completed,23,20,Greater Cincinnati Golf Association,Lassing Pointe Challenge,Lassing Pointe Challenge,Greater Cincinnati Golf Associa…..,2026-05-01,2026-07-31,48,21,157,full-page OCR | full-page OCR | full-page OCR
Completed,23,21,South Dakota Golf Association,GOLF CLUB AT RED ROCK Challenge ($601...,GOLF CLUB AT RED ROCK Challenge_($60 1...,South Dakota Golf Association,2026-05-17,2026-06-27,97,60,462,full-page OCR | full-page OCR | full-page OCR
Completed,23,22,Idaho Golf Association,TimberStone Golf Course Challenge,TimberStone Golf Course Challenge,Idaho Golf Association,2026-06-01,2026-06-30,50,17,116,full-page OCR | full-page OCR | full-page OCR
Completed,23,23,Rochester District Golf Association,2026 ROGA Deerfield Challenge,2026 RDGA Deerfeld Challenge,Rochester District Golf Associat...,2026-06-01,2026-08-15,139,79,736,full-page OCR | full-page OCR | full-page OCR
Completed,23,24,GAP,GAP GHIN Challenges at Wyncote Golf Club,GAP GHIN Challenges at Wyncote Golf Club,,2026-05-18,2026-06-29,128,12,180,full-page OCR | full-page OCR | full-page OCR
Completed,23,25,Montana State Golf Association,2026 GHIN Challenge @ Anaconda CC,2026 GHIN Challenge_@ Ponderosa Butte...,Montana State Golf Association,2026-07-01,2026-07-31,10,4,31,full-page OCR | full-page OCR | full-page OCR
Completed,24,1,Greater Cincinnati Golf Association,Indian Ridge Golf Club Challenge,Indian Ridge Golf Club Challenge,Greater Cincinnati Golf Associa...,2026-05-01,2026-07-31,50,16,199,full-page OCR | full-page OCR | full-page OCR
Completed,24,2,Idaho Golf Association,Cascade Golf Course Challenge,Tiara Rado Golf Course Challenge,Colorado Golf Association,2026-06-15,2026-07-31,66,33,245,full-page OCR | full-page OCR | full-page OCR
Completed,24,3,Arizona Golf Association,Papago Golf Course Challenge,COLDWATER GOLF COURSE Challenge,Golf Association of Michigan,2026-06-01,2026-07-31,42,24,210,full-page OCR | full-page OCR | full-page OCR
Completed,24,4,Carolinas Golf Association,Neuse CC Challenge,Neuse CC Challenge,Carolinas Golf Association,2026-07-01,2026-07-31,98,39,271,full-page OCR | full-page OCR | full-page OCR
Completed,24,5,South Dakota Golf Association,Bakker Crossing Golf Course Challenge,Blue Ash Golf Course Challenge,Greater Cincinnati Golf Associa.,2026-05-01,2026-07-31,101,32,268,full-page OCR | full-page OCR | full-page OCR
Completed,24,6,Idaho Golf Association,BanBury Golf Course Challenge,Juty Champions Golf Course Challenge,Ohio Golf Association,2026-07-01,2026-07-31,29,1,32,full-page OCR | full-page OCR | full-page OCR
Completed,24,7,Nevada Golf,Jerome Country Club Challenge,Jerome Country Club Challenge,Idaho Golf Association,2026-06-01,2026-06-30,63,25,194,full-page OCR | full-page OCR | full-page OCR
Completed,24,8,Idaho Golf Association,Jackpot Golf Course Challenge,Jackpot Golf Course Challenge,Idaho Golf Association,2026-06-01,2026-06-30,20,5,39,full-page OCR | full-page OCR | full-page OCR
Completed,24,9,Greater Cincinnati Golf Association,Friendly Meadows Golf Club Challenge,Friendly Meadows Golf Club Challenge,Greater Cincinnati Golf Associa..,2026-05-01,2026-07-31,16,11,83,full-page OCR | row-context OCR | full-page OCR
Completed,24,10,Idaho Golf Association,Osprey Meadows at Tamarack Challenge,The Meadows at Mystic Lake Challenge,Minnesota Golf Association,2026-05-26,2026-07-26,167,43,363,full-page OCR | full-page OCR | full-page OCR
Completed,24,11,Virginia State Golf Association,"Williamsburg National, Yorktown Course C...","williamsburg National, Yorktown Course C...",Virginia State Golf Association,2026-06-01,2026-06-30,94,56,351,full-page OCR | full-page OCR | full-page OCR
Completed,24,12,Idaho Golf Association,Fremont County Golf Course Challenge,Fremont County Golf Course Challenge,Idaho Golf Association,2026-06-01,2026-06-30,12,5,30,full-page OCR | corrected detail | full-page OCR
Completed,24,13,Texas Golf Association,Tierra Santa Golf Club 2026 Summer Chall...,Tierra Santa Golf Club 2026 Summer Chall...,Texas Golf Association,2026-06-02,2026-07-31,44,21,226,full-page OCR | full-page OCR | full-page OCR
Completed,24,14,Idaho Golf Association,Aspen/Birch Challenge,Aiken GC Challenge,Carolinas Golf Association,2026-07-01,2026-07-31,58,18,145,full-page OCR | full-page OCR | full-page OCR
Completed,24,15,Wyoming State / Colorado GA,Airport Golf Club Challenge,Airport Golf Club Challenge,Wyoming State / Colorado GA,2026-06-15,2026-07-31,72,46,390,full-page OCR | full-page OCR | full-page OCR
Completed,24,16,Greater Cincinnati Golf Association,Stonelick Hills Golf Club Challenge,Stonelick Hills Golf Club Challenge,Greater Cincinnati Golf Associa.,2026-05-01,2026-07-31,131,60,812,full-page OCR | full-page OCR | full-page OCR
Completed,24,17,Virginia State Golf Association,"Twin Lakes Golf Course, Oaks Challenge","Twin Lakes Golf Course, Oaks Challenge",Virginia State Golf Association,2026-07-01,2026-07-31,60,15,96,full-page OCR | full-page OCR | full-page OCR
Completed,24,18,Idaho Golf Association,Quail Hollow Golf Course Challenge,Quail Hollow Golf Course Challenge,Idaho Golf Association,2026-06-01,2026-06-30,71,26,205,full-page OCR | full-page OCR | full-page OCR
Completed,24,19,Idaho Golf Association,Pinecrest Golf Course Challenge,Pinecrest Golf Course Challenge,Idaho Golf Association,2026-06-01,2026-06-30,38,9,64,full-page OCR | full-page OCR | full-page OCR
Completed,24,20,Nebraska Golf Association,Jackrabbit Run Golf Course Challenge,Jackrabbit Run Golf Course Challenge,Nebraska Golf Association,2026-06-03,2026-06-30,10,4,22,full-page OCR | full-page OCR | full-page OCR
Completed,24,21,Texas Golf Association,Max A. Mandel Municipal Golf Course 202...,Max A. Mandel Municipal Golf Course 202...,Texas Golf Association,2026-06-01,2026-07-31,67,35,236,full-page OCR | full-page OCR | full-page OCR
Completed,24,22,Texas Golf Association,Lions Municipal Golf Course 2026 Summe...,Lions Municipal Golf Course 2026 Summe...,Texas Golf Association,2026-05-15,2026-07-13,114,35,278,full-page OCR | full-page OCR | full-page OCR
Completed,24,23,Florida State Golf Association,Rosedale Golf & Country Club Challenge,Rosedale Golf & Country Club Challenge,Florida State Golf Association,2026-05-15,2026-06-14,83,39,337,full-page OCR | full-page OCR | full-page OCR
Completed,24,24,Florida State Golf Association,San Carlos Golf Club Challenge,San Carlos Golf Club Challenge,Florida State Golf Association,2026-05-15,2026-06-14,69,34,212,full-page OCR | full-page OCR | full-page OCR
Completed,24,25,Texas Golf Association,Arlington Golf Assoc-Texas Rangers Golf Cl...,Arlington Golf Assoc-Texas Rangers Golf CL...,Texas Golf Association,2026-06-01,2026-07-31,98,16,175,full-page OCR | full-page OCR | full-page OCR
Completed,25,1,Idaho Golf Association,Aspen/Birch Challenge,Aspen/Birch Challenge,Idaho Golf Association,2026-06-01,2026-06-30,53,18,129,full-page OCR | full-page OCR | full-page OCR
Completed,25,2,Greater Cincinnati Golf Association,Hillsboro Etks Golf Club Challenge,Hillsboro Elks Golf Club Challenge,Greater Cincinnati Golf Associa...,2026-05-01,2026-07-31,5,2,17,full-page OCR | full-page OCR | full-page OCR
Completed,25,3,Idaho Golf Association,Sage Lakes Golf Course Challenge,Sage Lakes Golf Course Challenge,Idaho Golf Association,2026-06-01,2026-06-30,24,4,34,full-page OCR | full-page OCR | full-page OCR
Completed,25,4,Idaho Golf Association,Clear Lake Country Club Challenge,Heron Lakes Country_Club Challenge,Alabama Golf Association,2026-06-01,2026-08-01,30,20,140,full-page OCR | full-page OCR | full-page OCR
Completed,25,5,Idaho Golf Association,Canyon Springs Golf Course Challenge,Canyon Springs Golf Course Challenge,Idaho Golf Association,2026-06-01,2026-06-30,24,7,52,full-page OCR | full-page OCR | full-page OCR
Completed,25,6,Golf Association of Michigan,LESLIE PARK GC Challenge,LESLIE PARK GC Challenge,Golf Association of Michigan,2026-06-01,2026-07-31,103,36,270,full-page OCR | full-page OCR | full-page OCR
Completed,25,7,Montana State Golf Association,2026 GHIN Challenge @ Beaver Creek Golf...,2026 GHIN Challenge@Beaverhead Golf….,Montana State Golf Association,2026-07-01,2026-07-31,43,19,130,full-page OCR | full-page OCR | full-page OCR
Completed,25,8,Florida State Golf Association,Hilaman Golf Course Challenge,Hilaman Golf Course Challenge,Florida State Golf Association,2026-05-15,2026-06-14,32,15,127,full-page OCR | full-page OCR | full-page OCR
Completed,25,9,Texas Golf Association,The Courses at Watters Creek Traditions C...,The Courses at Watters Creek Traditions C...,Texas Golf Association,2026-05-22,2026-08-19,139,35,351,full-page OCR | full-page OCR | full-page OCR
Completed,25,10,Ohio Golf Association,Denison Golf Club Challenge,July Denison Golf Club Challenge,Ohio Golf Association,2026-07-01,2026-07-31,51,19,165,full-page OCR | full-page OCR | full-page OCR
Completed,25,11,Rochester District Golf Association,2026 RDGA Ravenwood Challenge,2026 RDGA Ravenwood Challenge,Rochester District Golf Associat… 2026-06-01,,2026-08-15,150,38,657,full-page OCR | full-page OCR | full-page OCR
Completed,25,12,Greater Cincinnati Golf Association,Woodlands/Lakeside Challenge,Woodlands/Lakeside Challenge,Greater Cincinnati Golf Associa...,2026-05-01,2026-07-31,55,16,139,full-page OCR | full-page OCR | full-page OCR
Completed,25,13,Texas Golf Association,Ross Rogers Golf Complex-Mustang Challe...,Ross Rogers Golf Complex-Mustang Challe….,Texas Golf Association,2026-05-01,2026-07-31,59,23,166,full-page OCR | full-page OCR | full-page OCR
Completed,25,14,Rochester District Golf Association,2026 ROGA Wild Wood Country Club Chal...,2026 RDGA Wild Wood Country_Club Chal..,Rochester District Golf Associat...,2026-06-01,2026-08-15,88,43,546,full-page OCR | full-page OCR | full-page OCR
Completed,25,15,Southern California Golf Association,SCGA Summer Challenge '26,SCGA Summer Challenge '26,Southern California Golf Associ...,2026-06-01,2026-08-14,249,67,707,full-page OCR | full-page OCR | full-page OCR
Completed,25,16,Greater Cincinnati Golf Association,The Mill Course Challenge,The Mill Course Challenge,Greater Cincinnati Golf Associa...,2026-05-01,2026-07-31,54,24,218,full-page OCR | full-page OCR | full-page OCR
Completed,25,17,Greater Cincinnati Golf Association,Reeves Golf Course Challenge,Reeves Golf Course Challenge,Greater Cincinnati Golf Associa...,2026-05-01,2026-07-31,27,7,87,full-page OCR | full-page OCR | full-page OCR
Completed,25,18,Virginia State Golf Association,"Shenandoah Valley Golf Club, Old Course C...","Shenandoah Valley Golf Club, Titus Course..",Virginia State Golf Association,2026-07-01,2026-07-31,22,7,52,full-page OCR | full-page OCR | full-page OCR
Completed,25,19,Alabama Golf Association,Highlands Challenge,LAKE MICHIGAN HILLS GC Challenge,Golf Association of Michigan,2026-06-01,2026-07-31,55,40,427,full-page OCR | full-page OCR | full-page OCR
Completed,25,20,GAP,GAP GHIN Challenge at Honeybrook,GAP GHIN Challenge at Honeybrook,GAP,2026-07-01,2026-08-12,95,42,345,full-page OCR | full-page OCR | full-page OCR
Completed,25,21,Southern California Golf Association,SCGA Summer Challenge '26,SCGA Summer Challenge'26,Southern California Golf Associ...,2026-06-01,2026-08-14,173,48,472,full-page OCR | full-page OCR | full-page OCR
Completed,25,22,Oklahoma Golf Association,July The Golf Club of Dublin Challenge,July The Golf Club of Dublin Challenge,Ohio Golf Association,2026-07-01,2026-07-31,77,14,140,full-page OCR | full-page OCR | full-page OCR
Completed,25,23,Montana State Golf Association,2026 GHIN Challenge @ Airport Golf Club ...,2026 GHIN Challenge@ Fairmont Hot Spr...,Montana State Golf Association,2026-07-01,2026-07-31,31,16,113,full-page OCR | full-page OCR | full-page OCR
Completed,25,24,Louisiana Golf Association,631 29667,English Turn G&CC Challenge,Louisiana Golf Association,2026-07-10,2026-08-10,97,48,311,full-page OCR | full-page OCR | full-page OCR
Completed,25,25,Texas Golf Association,2026 GHIN Challenge @ Pine Meadows,Champion Lakes Golf Course 2026 Summe…...,Texas Golf Association,2026-06-01,2026-07-31,64,35,297,full-page OCR | full-page OCR | full-page OCR
Completed,26,1,Montana State Golf Association,2026 GHIN Challenge @ Pine Meadows Golf Course,2026 GHIN Challenge @ Pine Meadows Go... Montana State Golf Association,,2026-07-01,2026-07-31,14,9,53,full-page OCR | full-page OCR | full-page OCR
Completed,26,2,Montana State Golf Association,2026 GHIN Challenge @ Highland View Golf Course,2026 GHIN Challenge @ Highland View G...,Montana State Golf Association,2026-07-01,2026-07-31,14,12,93,full-page OCR | full-page OCR | full-page OCR
Completed,26,3,Greater Cincinnati Golf Association,Aston Oaks Golf Club Challenge,Aston Oaks Golf Club Challenge,Greater Cincinnati Golf Associa..,2026-05-01,2026-07-31,73,21,232,full-page OCR | full-page OCR | full-page OCR
Completed,26,4,Greater Cincinnati Golf Association,Walden Ponds Golf Club Challenge,Walden Ponds Golf Club Challenge,Greater Cincinnati Golf Associa…,2026-05-01,2026-07-31,46,14,163,full-page OCR | full-page OCR | full-page OCR
Completed,26,5,Greater Cincinnati Golf Association,Elks Run Golf Club Challenge,Elks Run Golf Club Challenge,Greater Cincinnati Golf Associa..,2026-05-01,2026-07-31,81,28,370,full-page OCR | full-page OCR | full-page OCR
Completed,26,6,Texas Golf Association,Morris Williams Golf Club 2026 Summer Challenge,Morris Williams Golf Club 2026 Summer C..,Texas Golf Association,2026-05-15,2026-07-13,167,60,447,full-page OCR | full-page OCR | full-page OCR
Upcoming,1,1,Carolinas Golf Association,Cutter Creek Challenge,Cutter Creek Challenge,Carolinas Golf Association,2026-09-01,2026-10-15,8,0,0,visual review | corrected detail | corrected detail
Upcoming,1,2,Carolinas Golf Association,Arcadian Shores Challenge,Arcadian Shores Challenge,Carolinas Golf Association,2026-09-01,2026-10-15,0,0,0,corrected detail | corrected detail | corrected detail
Upcoming,1,3,New Jersey Golf,Galloping Hill Challenge,Galloping Hill Challenge,New Jersey Golf,2026-09-04,2026-10-12,46,0,0,full-page OCR | visual zero | visual zero
Upcoming,1,4,New Jersey Golf,Heron Glen Golf Course Challenge,Heron Glen Golf Course Challenge,New Jersey Golf,2026-09-04,2026-10-12,43,0,0,full-page OCR | visual zero | visual zero
Upcoming,1,5,Carolinas Golf Association,Longleaf Challenge,Longleaf Challenge,Carolinas Golf Association,2026-09-01,2026-10-15,12,0,0,full-page OCR | corrected detail | corrected detail
Upcoming,1,6,New Jersey Golf,Pinch Brook Golf Course Challenge,Pinch Brook Golf Course Challenge,New Jersey Golf,2026-09-04,2026-10-12,22,0,0,full-page OCR | corrected detail | corrected detail
Upcoming,1,7,Carolinas Golf Association,The Walker Course Challenge,The Walker Course Challenge,Carolinas Golf Association,2026-09-01,2026-10-15,52,0,0,full-page OCR | corrected detail | corrected detail
Upcoming,1,8,New Jersey Golf,Paramus Golf Course Challenge,Paramus Golf Course Challenge,New Jersey Golf,2026-09-04,2026-10-12,79,0,0,full-page OCR | corrected detail | corrected detail
Upcoming,1,9,Carolinas Golf Association,River Ridge GC Challenge,River Ridge GC Challenge,Carolinas Golf Association,2026-09-01,2026-10-15,36,0,0,full-page OCR | visual zero | visual zero
Upcoming,1,10,New Jersey Golf,EAST Challenge,EAST Challenge,New Jersey Golf,2026-09-04,2026-10-12,26,0,0,full-page OCR | corrected detail | corrected detail
Upcoming,1,11,New Jersey Golf,Hominy Hill Golf Course Challenge,Hominy Hill Golf Course Challenge,New Jersey Golf,2026-09-04,2026-10-12,91,0,0,full-page OCR | corrected detail | corrected detail
Upcoming,1,12,New Jersey Golf,WEST Challenge,WEST Challenge,New Jersey Golf,2026-09-04,2026-10-12,20,0,0,full-page OCR | corrected detail | corrected detail
Upcoming,1,13,New Jersey Golf,Waterchase Golf Club Fall 2026 Challenge,Waterchase Golf Club Fall 2026 Challenge,Texas Golf Association,2026-09-01,2026-11-30,19,0,0,full-page OCR | corrected detail | corrected detail
Upcoming,1,14,New Jersey Golf,Francis Byrne Golf Course Challenge,Francis Byrne Golf Course Challenge,New Jersey Golf,2026-09-04,2026-10-12,88,0,0,full-page OCR | visual zero | visual zero
Upcoming,1,15,New Jersey Golf,Hendricks Field Golf Club Challenge,Hendricks Field Golf Club Challenge,New Jersey Golf,2026-09-04,2026-10-12,43,0,0,full-page OCR | visual zero | visual zero
